<chart><series><value xid="0">0</value><value xid="1">2</value><value xid="2">4</value><value xid="3">6</value><value xid="4">8</value><value xid="5">10</value><value xid="6">12</value><value xid="7">14</value><value xid="8">16</value><value xid="9">18</value><value xid="10">20</value><value xid="11">22</value><value xid="12">24</value><value xid="13">26</value><value xid="14">28</value><value xid="15">30</value><value xid="16">32</value><value xid="17">34</value><value xid="18">36</value><value xid="19">38</value><value xid="20">40</value><value xid="21">42</value><value xid="22">44</value><value xid="23">46</value><value xid="24">48</value><value xid="25">50</value><value xid="26">52</value><value xid="27">54</value><value xid="28">56</value><value xid="29">58</value><value xid="30">60</value><value xid="31">62</value><value xid="32">64</value><value xid="33">66</value><value xid="34">68</value><value xid="35">70</value><value xid="36">72</value><value xid="37">74</value><value xid="38">76</value><value xid="39">78</value><value xid="40">80</value><value xid="41">82</value><value xid="42">84</value><value xid="43">86</value><value xid="44">88</value><value xid="45">90</value><value xid="46">92</value><value xid="47">94</value><value xid="48">96</value><value xid="49">98</value><value xid="50">100</value></series><graphs><graph gid="0" title="Unoccupied"><value xid="3" description="5 Hours, 2.83 % of peak demand">2.72</value><value xid="7" description="10 Hours, 2.81 % of peak demand">2.7</value><value xid="8" description="12 Hours, 2.88 % of peak demand">2.76</value><value xid="9" description="24 Hours, 2.97 % of peak demand">2.85</value><value xid="10" description="25 Hours, 2.65 % of peak demand">2.55</value><value xid="11" description="17 Hours, 2.45 % of peak demand">2.35</value><value xid="12" description="38 Hours, 2.39 % of peak demand">2.3</value><value xid="13" description="53 Hours, 2.31 % of peak demand">2.22</value><value xid="14" description="62 Hours, 2.39 % of peak demand">2.3</value><value xid="15" description="82 Hours, 2.52 % of peak demand">2.42</value><value xid="16" description="69 Hours, 2.33 % of peak demand">2.24</value><value xid="17" description="108 Hours, 2.18 % of peak demand">2.09</value><value xid="18" description="101 Hours, 2.04 % of peak demand">1.96</value><value xid="19" description="105 Hours, 2.05 % of peak demand">1.97</value><value xid="20" description="82 Hours, 2.10 % of peak demand">2.02</value><value xid="21" description="90 Hours, 2.04 % of peak demand">1.96</value><value xid="22" description="82 Hours, 2.02 % of peak demand">1.94</value><value xid="23" description="143 Hours, 2.02 % of peak demand">1.94</value><value xid="24" description="89 Hours, 2.23 % of peak demand">2.14</value><value xid="25" description="81 Hours, 2.37 % of peak demand">2.28</value><value xid="26" description="93 Hours, 2.62 % of peak demand">2.51</value><value xid="27" description="102 Hours, 2.85 % of peak demand">2.73</value><value xid="28" description="109 Hours, 3.34 % of peak demand">3.2</value><value xid="29" description="89 Hours, 3.63 % of peak demand">3.49</value><value xid="30" description="67 Hours, 4.08 % of peak demand">3.92</value><value xid="31" description="80 Hours, 4.81 % of peak demand">4.62</value><value xid="32" description="72 Hours, 5.29 % of peak demand">5.08</value><value xid="33" description="111 Hours, 5.97 % of peak demand">5.73</value><value xid="34" description="88 Hours, 6.70 % of peak demand">6.44</value><value xid="35" description="87 Hours, 7.42 % of peak demand">7.12</value><value xid="36" description="86 Hours, 7.76 % of peak demand">7.45</value><value xid="37" description="83 Hours, 8.64 % of peak demand">8.3</value><value xid="38" description="49 Hours, 9.07 % of peak demand">8.71</value><value xid="39" description="23 Hours, 9.33 % of peak demand">8.96</value><value xid="40" description="32 Hours, 10.13 % of peak demand">9.72</value><value xid="41" description="35 Hours, 10.47 % of peak demand">10.06</value><value xid="42" description="32 Hours, 10.77 % of peak demand">10.34</value><value xid="43" description="15 Hours, 11.42 % of peak demand">10.96</value><value xid="44" description="9 Hours, 11.58 % of peak demand">11.12</value><value xid="45" description="5 Hours, 10.50 % of peak demand">10.08</value></graph><graph gid="1" title="Occupied"><value xid="6" description="8 Hours, 3.35 % of peak demand">3.21</value><value xid="7" description="5 Hours, 3.47 % of peak demand">3.33</value><value xid="8" description="7 Hours, 3.33 % of peak demand">3.2</value><value xid="9" description="11 Hours, 3.56 % of peak demand">3.42</value><value xid="10" description="10 Hours, 3.52 % of peak demand">3.38</value><value xid="11" description="29 Hours, 3.50 % of peak demand">3.36</value><value xid="12" description="24 Hours, 3.32 % of peak demand">3.19</value><value xid="13" description="33 Hours, 3.29 % of peak demand">3.16</value><value xid="14" description="41 Hours, 3.34 % of peak demand">3.21</value><value xid="15" description="63 Hours, 3.28 % of peak demand">3.15</value><value xid="16" description="88 Hours, 3.33 % of peak demand">3.2</value><value xid="17" description="108 Hours, 3.33 % of peak demand">3.2</value><value xid="18" description="163 Hours, 3.20 % of peak demand">3.07</value><value xid="19" description="144 Hours, 3.33 % of peak demand">3.2</value><value xid="20" description="158 Hours, 3.38 % of peak demand">3.25</value><value xid="21" description="166 Hours, 3.24 % of peak demand">3.11</value><value xid="22" description="147 Hours, 3.15 % of peak demand">3.03</value><value xid="23" description="131 Hours, 2.91 % of peak demand">2.8</value><value xid="24" description="135 Hours, 3.06 % of peak demand">2.94</value><value xid="25" description="125 Hours, 3.04 % of peak demand">2.91</value><value xid="26" description="110 Hours, 2.99 % of peak demand">2.88</value><value xid="27" description="90 Hours, 3.19 % of peak demand">3.07</value><value xid="28" description="129 Hours, 3.50 % of peak demand">3.36</value><value xid="29" description="153 Hours, 3.82 % of peak demand">3.66</value><value xid="30" description="118 Hours, 4.17 % of peak demand">4</value><value xid="31" description="130 Hours, 4.37 % of peak demand">4.19</value><value xid="32" description="94 Hours, 4.81 % of peak demand">4.62</value><value xid="33" description="91 Hours, 5.70 % of peak demand">5.47</value><value xid="34" description="105 Hours, 6.60 % of peak demand">6.34</value><value xid="35" description="89 Hours, 7.82 % of peak demand">7.51</value><value xid="36" description="69 Hours, 8.92 % of peak demand">8.57</value><value xid="37" description="99 Hours, 10.63 % of peak demand">10.2</value><value xid="38" description="114 Hours, 11.90 % of peak demand">11.43</value><value xid="39" description="123 Hours, 13.48 % of peak demand">12.95</value><value xid="40" description="139 Hours, 15.30 % of peak demand">14.69</value><value xid="41" description="97 Hours, 16.70 % of peak demand">16.04</value><value xid="42" description="72 Hours, 19.16 % of peak demand">18.39</value><value xid="43" description="66 Hours, 20.45 % of peak demand">19.64</value><value xid="44" description="46 Hours, 21.93 % of peak demand">21.06</value><value xid="45" description="51 Hours, 23.84 % of peak demand">22.9</value><value xid="46" description="45 Hours, 25.08 % of peak demand">24.08</value><value xid="47" description="29 Hours, 26.60 % of peak demand">25.54</value><value xid="48" description="26 Hours, 26.72 % of peak demand">25.66</value><value xid="49" description="17 Hours, 27.59 % of peak demand">26.5</value><value xid="50" description="11 Hours, 29.92 % of peak demand">28.73</value></graph></graphs></chart>