<chart><series><value xid="1">Aug-11</value><value xid="2">Sep-11</value><value xid="3">Oct-11</value><value xid="4">Nov-11</value><value xid="5">Dec-11</value><value xid="6">Jan-12</value><value xid="7">Feb-12</value><value xid="8">Mar-12</value><value xid="9">Apr-12</value><value xid="10">May-12</value><value xid="11">Jun-12</value><value xid="12">Jul-12</value></series><graphs><graph gid="0" ><value xid="1" description ="-305.88 kWh,  -$24.47">-0.80</value><value xid="2" description ="-247.79 kWh,  -$19.82">-0.76</value><value xid="3" description ="-389.41 kWh,  -$31.15">-1.29</value><value xid="4" description ="-222.77 kWh,  -$17.82">-0.73</value><value xid="5" description ="-162.75 kWh,  -$13.02">-0.51</value><value xid="6" description ="-233.73 kWh,  -$18.70">-0.75</value><value xid="7" description ="-195.59 kWh,  -$15.65">-0.68</value><value xid="8" description ="-190.39 kWh,  -$15.23">-0.60</value><value xid="9" description ="-340.71 kWh,  -$27.26">-1.19</value><value xid="10" description ="-227.21 kWh,  -$18.18">-0.68</value><value xid="11" description ="-176.83 kWh,  -$14.15">-0.50</value><value xid="12" description ="-142.63 kWh,  -$11.41">-0.37</value></graph></graphs></chart>