<chart><series><value xid="0">32</value><value xid="1">34</value><value xid="2">36</value><value xid="3">38</value><value xid="4">40</value><value xid="5">42</value><value xid="6">44</value><value xid="7">46</value><value xid="8">48</value><value xid="9">50</value><value xid="10">52</value><value xid="11">54</value><value xid="12">56</value><value xid="13">58</value><value xid="14">60</value><value xid="15">62</value><value xid="16">64</value><value xid="17">66</value><value xid="18">68</value><value xid="19">70</value><value xid="20">72</value><value xid="21">74</value><value xid="22">76</value><value xid="23">78</value><value xid="24">80</value><value xid="25">82</value><value xid="26">84</value><value xid="27">86</value><value xid="28">88</value><value xid="29">90</value><value xid="30">92</value><value xid="31">94</value><value xid="32">96</value></series><graphs><graph gid="0" title="Unoccupied"><value xid="0" description="95 Hours, 2.08 % of peak demand">2</value><value xid="1" description="135 Hours, 2.11 % of peak demand">2.02</value><value xid="2" description="91 Hours, 2.09 % of peak demand">2.01</value><value xid="3" description="115 Hours, 2.02 % of peak demand">1.94</value><value xid="4" description="102 Hours, 2.16 % of peak demand">2.08</value><value xid="5" description="116 Hours, 2.06 % of peak demand">1.98</value><value xid="6" description="91 Hours, 2.05 % of peak demand">1.96</value><value xid="7" description="92 Hours, 2.34 % of peak demand">2.25</value><value xid="8" description="84 Hours, 2.67 % of peak demand">2.56</value><value xid="9" description="119 Hours, 2.90 % of peak demand">2.78</value><value xid="10" description="98 Hours, 3.13 % of peak demand">3.01</value><value xid="11" description="110 Hours, 3.78 % of peak demand">3.63</value><value xid="12" description="86 Hours, 4.50 % of peak demand">4.32</value><value xid="13" description="78 Hours, 4.82 % of peak demand">4.63</value><value xid="14" description="123 Hours, 5.87 % of peak demand">5.63</value><value xid="15" description="103 Hours, 6.37 % of peak demand">6.11</value><value xid="16" description="84 Hours, 7.02 % of peak demand">6.74</value><value xid="17" description="80 Hours, 8.36 % of peak demand">8.03</value><value xid="18" description="104 Hours, 8.19 % of peak demand">7.86</value><value xid="19" description="69 Hours, 9.02 % of peak demand">8.66</value><value xid="20" description="47 Hours, 9.61 % of peak demand">9.23</value><value xid="21" description="56 Hours, 10.63 % of peak demand">10.21</value><value xid="22" description="28 Hours, 11.11 % of peak demand">10.66</value><value xid="23" description="5 Hours, 11.36 % of peak demand">10.9</value></graph><graph gid="1" title="Occupied"><value xid="0" description="120 Hours, 3.15 % of peak demand">3.02</value><value xid="1" description="166 Hours, 3.24 % of peak demand">3.11</value><value xid="2" description="203 Hours, 3.28 % of peak demand">3.15</value><value xid="3" description="191 Hours, 3.07 % of peak demand">2.95</value><value xid="4" description="182 Hours, 3.24 % of peak demand">3.11</value><value xid="5" description="141 Hours, 2.93 % of peak demand">2.82</value><value xid="6" description="164 Hours, 3.17 % of peak demand">3.05</value><value xid="7" description="161 Hours, 2.89 % of peak demand">2.78</value><value xid="8" description="148 Hours, 3.24 % of peak demand">3.11</value><value xid="9" description="132 Hours, 3.65 % of peak demand">3.5</value><value xid="10" description="134 Hours, 4.19 % of peak demand">4.02</value><value xid="11" description="144 Hours, 4.77 % of peak demand">4.58</value><value xid="12" description="181 Hours, 5.92 % of peak demand">5.69</value><value xid="13" description="150 Hours, 7.27 % of peak demand">6.98</value><value xid="14" description="116 Hours, 8.67 % of peak demand">8.33</value><value xid="15" description="117 Hours, 10.72 % of peak demand">10.29</value><value xid="16" description="151 Hours, 12.95 % of peak demand">12.43</value><value xid="17" description="172 Hours, 14.37 % of peak demand">13.8</value><value xid="18" description="87 Hours, 15.55 % of peak demand">14.93</value><value xid="19" description="91 Hours, 17.13 % of peak demand">16.45</value><value xid="20" description="95 Hours, 19.51 % of peak demand">18.73</value><value xid="21" description="96 Hours, 23.09 % of peak demand">22.17</value><value xid="22" description="75 Hours, 25.72 % of peak demand">24.7</value><value xid="23" description="38 Hours, 26.85 % of peak demand">25.78</value><value xid="24" description="15 Hours, 27.53 % of peak demand">26.44</value></graph></graphs></chart>