<chart><series><value xid="1">Aug-11</value><value xid="2">Sep-11</value><value xid="3">Oct-11</value><value xid="4">Nov-11</value><value xid="5">Dec-11</value><value xid="6">Jan-12</value><value xid="7">Feb-12</value><value xid="8">Mar-12</value><value xid="9">Apr-12</value><value xid="10">May-12</value><value xid="11">Jun-12</value><value xid="12">Jul-12</value></series><graphs><graph gid="0" ><value xid="1" description ="60.25 kWh,  $4.82">0.16</value><value xid="2" description ="-118.23 kWh,  -$9.46">-0.36</value><value xid="3" description ="-71.38 kWh,  -$5.71">-0.24</value><value xid="4" description ="-73.37 kWh,  -$5.87">-0.24</value><value xid="5" description ="-39.43 kWh,  -$3.15">-0.12</value><value xid="6" description ="47.4 kWh,  $3.79">0.15</value><value xid="7" description ="4.8 kWh,  $0.38">0.02</value><value xid="8" description ="-194.34 kWh,  -$15.55">-0.62</value><value xid="9" description ="-100.26 kWh,  -$8.02">-0.35</value><value xid="10" description ="-156.77 kWh,  -$12.54">-0.47</value><value xid="11" description ="122 kWh,  $9.78">0.34</value><value xid="12" description ="140 kWh,  $11.23">0.36</value></graph></graphs></chart>