<chart><series><value xid="0">0:15</value><value xid="1">0:30</value><value xid="2">0:45</value><value xid="3">1:00</value><value xid="4">1:15</value><value xid="5">1:30</value><value xid="6">1:45</value><value xid="7">2:00</value><value xid="8">2:15</value><value xid="9">2:30</value><value xid="10">2:45</value><value xid="11">3:00</value><value xid="12">3:15</value><value xid="13">3:30</value><value xid="14">3:45</value><value xid="15">4:00</value><value xid="16">4:15</value><value xid="17">4:30</value><value xid="18">4:45</value><value xid="19">5:00</value><value xid="20">5:15</value><value xid="21">5:30</value><value xid="22">5:45</value><value xid="23">6:00</value><value xid="24">6:15</value><value xid="25">6:30</value><value xid="26">6:45</value><value xid="27">7:00</value><value xid="28">7:15</value><value xid="29">7:30</value><value xid="30">7:45</value><value xid="31">8:00</value><value xid="32">8:15</value><value xid="33">8:30</value><value xid="34">8:45</value><value xid="35">9:00</value><value xid="36">9:15</value><value xid="37">9:30</value><value xid="38">9:45</value><value xid="39">10:00</value><value xid="40">10:15</value><value xid="41">10:30</value><value xid="42">10:45</value><value xid="43">11:00</value><value xid="44">11:15</value><value xid="45">11:30</value><value xid="46">11:45</value><value xid="47">12:00</value><value xid="48">12:15</value><value xid="49">12:30</value><value xid="50">12:45</value><value xid="51">13:00</value><value xid="52">13:15</value><value xid="53">13:30</value><value xid="54">13:45</value><value xid="55">14:00</value><value xid="56">14:15</value><value xid="57">14:30</value><value xid="58">14:45</value><value xid="59">15:00</value><value xid="60">15:15</value><value xid="61">15:30</value><value xid="62">15:45</value><value xid="63">16:00</value><value xid="64">16:15</value><value xid="65">16:30</value><value xid="66">16:45</value><value xid="67">17:00</value><value xid="68">17:15</value><value xid="69">17:30</value><value xid="70">17:45</value><value xid="71">18:00</value><value xid="72">18:15</value><value xid="73">18:30</value><value xid="74">18:45</value><value xid="75">19:00</value><value xid="76">19:15</value><value xid="77">19:30</value><value xid="78">19:45</value><value xid="79">20:00</value><value xid="80">20:15</value><value xid="81">20:30</value><value xid="82">20:45</value><value xid="83">21:00</value><value xid="84">21:15</value><value xid="85">21:30</value><value xid="86">21:45</value><value xid="87">22:00</value><value xid="88">22:15</value><value xid="89">22:30</value><value xid="90">22:45</value><value xid="91">23:00</value><value xid="92">23:15</value><value xid="93">23:30</value><value xid="94">23:45</value><value xid="95">0:00</value></series><graphs><graph gid="0"> <value xid="0">19.22</value> <value xid="1">19.22</value> <value xid="2">18.58</value> <value xid="3">18.58</value> <value xid="4">22.03</value> <value xid="5">22.03</value> <value xid="6">20.3</value> <value xid="7">20.3</value> <value xid="8">19.44</value> <value xid="9">19.44</value> <value xid="10">19.22</value> <value xid="11">19.22</value> <value xid="12">19.22</value> <value xid="13">19.22</value> <value xid="14">21.82</value> <value xid="15">21.82</value> <value xid="16">21.17</value> <value xid="17">21.17</value> <value xid="18">20.95</value> <value xid="19">20.95</value> <value xid="20">19.87</value> <value xid="21">19.87</value> <value xid="22">23.98</value> <value xid="23">23.98</value> <value xid="24">23.11</value> <value xid="25">23.11</value> <value xid="26">23.11</value> <value xid="27">23.11</value> <value xid="28">54.86</value> <value xid="29">54.86</value> <value xid="30">62.21</value> <value xid="31">62.21</value> <value xid="32">53.14</value> <value xid="33">53.14</value> <value xid="34">45.79</value> <value xid="35">45.79</value> <value xid="36">48.6</value> <value xid="37">48.6</value> <value xid="38">47.3</value> <value xid="39">47.3</value> <value xid="40">43.42</value> <value xid="41">43.42</value> <value xid="42">45.79</value> <value xid="43">45.79</value> <value xid="44">45.36</value> <value xid="45">45.36</value> <value xid="46">45.58</value> <value xid="47">45.58</value> <value xid="48">46.44</value> <value xid="49">46.44</value> <value xid="50">45.14</value> <value xid="51">45.14</value> <value xid="52">44.93</value> <value xid="53">44.93</value> <value xid="54">45.14</value> <value xid="55">45.14</value> <value xid="56">44.28</value> <value xid="57">44.28</value> <value xid="58">44.93</value> <value xid="59">44.93</value> <value xid="60">43.85</value> <value xid="61">43.85</value> <value xid="62">53.57</value> <value xid="63">53.57</value> <value xid="64">64.15</value> <value xid="65">64.15</value> <value xid="66">64.58</value> <value xid="67">64.58</value> <value xid="68">65.45</value> <value xid="69">65.45</value> <value xid="70">64.8</value> <value xid="71">64.8</value> <value xid="72">62.64</value> <value xid="73">62.64</value> <value xid="74">63.29</value> <value xid="75">63.29</value> <value xid="76">64.15</value> <value xid="77">64.15</value> <value xid="78">65.45</value> <value xid="79">65.45</value> <value xid="80">65.45</value> <value xid="81">65.45</value> <value xid="82">64.15</value> <value xid="83">64.15</value> <value xid="84">61.99</value> <value xid="85">61.99</value> <value xid="86">61.56</value> <value xid="87">61.56</value> <value xid="88">57.24</value> <value xid="89">57.24</value> <value xid="90">57.67</value> <value xid="91">57.67</value> <value xid="92">35.21</value> <value xid="93">35.21</value> <value xid="94">19.87</value> <value xid="95">19.87</value></graph><graph gid="1"> <value xid="0">17.93</value> <value xid="1">17.93</value> <value xid="2">19.01</value> <value xid="3">19.01</value> <value xid="4">20.74</value> <value xid="5">20.74</value> <value xid="6">19.87</value> <value xid="7">19.87</value> <value xid="8">17.71</value> <value xid="9">17.71</value> <value xid="10">17.71</value> <value xid="11">17.71</value> <value xid="12">17.71</value> <value xid="13">17.71</value> <value xid="14">20.09</value> <value xid="15">20.09</value> <value xid="16">18.14</value> <value xid="17">18.14</value> <value xid="18">20.3</value> <value xid="19">20.3</value> <value xid="20">20.3</value> <value xid="21">20.3</value> <value xid="22">22.03</value> <value xid="23">22.03</value> <value xid="24">22.03</value> <value xid="25">22.03</value> <value xid="26">21.38</value> <value xid="27">21.38</value> <value xid="28">57.02</value> <value xid="29">57.02</value> <value xid="30">60.48</value> <value xid="31">60.48</value> <value xid="32">50.54</value> <value xid="33">50.54</value> <value xid="34">44.93</value> <value xid="35">44.93</value> <value xid="36">48.6</value> <value xid="37">48.6</value> <value xid="38">47.3</value> <value xid="39">47.3</value> <value xid="40">44.06</value> <value xid="41">44.06</value> <value xid="42">45.36</value> <value xid="43">45.36</value> <value xid="44">45.79</value> <value xid="45">45.79</value> <value xid="46">47.3</value> <value xid="47">47.3</value> <value xid="48">45.79</value> <value xid="49">45.79</value> <value xid="50">45.79</value> <value xid="51">45.79</value> <value xid="52">44.71</value> <value xid="53">44.71</value> <value xid="54">44.93</value> <value xid="55">44.93</value> <value xid="56">44.93</value> <value xid="57">44.93</value> <value xid="58">45.79</value> <value xid="59">45.79</value> <value xid="60">46.22</value> <value xid="61">46.22</value> <value xid="62">46.22</value> <value xid="63">46.22</value> <value xid="64">45.79</value> <value xid="65">45.79</value> <value xid="66">66.1</value> <value xid="67">66.1</value> <value xid="68">68.47</value> <value xid="69">68.47</value> <value xid="70">65.66</value> <value xid="71">65.66</value> <value xid="72">63.07</value> <value xid="73">63.07</value> <value xid="74">62.42</value> <value xid="75">62.42</value> <value xid="76">62.64</value> <value xid="77">62.64</value> <value xid="78">66.31</value> <value xid="79">66.31</value> <value xid="80">65.66</value> <value xid="81">65.66</value> <value xid="82">65.02</value> <value xid="83">65.02</value> <value xid="84">61.99</value> <value xid="85">61.99</value> <value xid="86">62.64</value> <value xid="87">62.64</value> <value xid="88">58.32</value> <value xid="89">58.32</value> <value xid="90">58.54</value> <value xid="91">58.54</value> <value xid="92">36.29</value> <value xid="93">36.29</value> <value xid="94">19.87</value> <value xid="95">19.87</value></graph><graph gid="2"> <value xid="0">19.66</value> <value xid="1">19.66</value> <value xid="2">20.09</value> <value xid="3">20.09</value> <value xid="4">22.25</value> <value xid="5">22.25</value> <value xid="6">20.95</value> <value xid="7">20.95</value> <value xid="8">20.09</value> <value xid="9">20.09</value> <value xid="10">18.79</value> <value xid="11">18.79</value> <value xid="12">19.22</value> <value xid="13">19.22</value> <value xid="14">22.03</value> <value xid="15">22.03</value> <value xid="16">20.95</value> <value xid="17">20.95</value> <value xid="18">21.17</value> <value xid="19">21.17</value> <value xid="20">21.6</value> <value xid="21">21.6</value> <value xid="22">24.41</value> <value xid="23">24.41</value> <value xid="24">24.41</value> <value xid="25">24.41</value> <value xid="26">23.76</value> <value xid="27">23.76</value> <value xid="28">60.05</value> <value xid="29">60.05</value> <value xid="30">47.3</value> <value xid="31">47.3</value> <value xid="32">43.85</value> <value xid="33">43.85</value> <value xid="34">45.36</value> <value xid="35">45.36</value> <value xid="36">47.74</value> <value xid="37">47.74</value> <value xid="38">45.58</value> <value xid="39">45.58</value> <value xid="40">42.77</value> <value xid="41">42.77</value> <value xid="42">44.93</value> <value xid="43">44.93</value> <value xid="44">44.06</value> <value xid="45">44.06</value> <value xid="46">46.87</value> <value xid="47">46.87</value> <value xid="48">46.22</value> <value xid="49">46.22</value> <value xid="50">44.93</value> <value xid="51">44.93</value> <value xid="52">45.14</value> <value xid="53">45.14</value> <value xid="54">45.58</value> <value xid="55">45.58</value> <value xid="56">45.14</value> <value xid="57">45.14</value> <value xid="58">44.28</value> <value xid="59">44.28</value> <value xid="60">45.14</value> <value xid="61">45.14</value> <value xid="62">45.36</value> <value xid="63">45.36</value> <value xid="64">62.21</value> <value xid="65">62.21</value> <value xid="66">64.8</value> <value xid="67">64.8</value> <value xid="68">65.88</value> <value xid="69">65.88</value> <value xid="70">65.45</value> <value xid="71">65.45</value> <value xid="72">63.72</value> <value xid="73">63.72</value> <value xid="74">63.94</value> <value xid="75">63.94</value> <value xid="76">63.5</value> <value xid="77">63.5</value> <value xid="78">65.23</value> <value xid="79">65.23</value> <value xid="80">65.45</value> <value xid="81">65.45</value> <value xid="82">63.94</value> <value xid="83">63.94</value> <value xid="84">62.21</value> <value xid="85">62.21</value> <value xid="86">61.78</value> <value xid="87">61.78</value> <value xid="88">56.59</value> <value xid="89">56.59</value> <value xid="90">56.81</value> <value xid="91">56.81</value> <value xid="92">26.14</value> <value xid="93">26.14</value> <value xid="94">18.14</value> <value xid="95">18.14</value></graph><graph gid="3"> <value xid="0">18.14</value> <value xid="1">18.14</value> <value xid="2">18.36</value> <value xid="3">18.36</value> <value xid="4">21.17</value> <value xid="5">21.17</value> <value xid="6">20.09</value> <value xid="7">20.09</value> <value xid="8">17.93</value> <value xid="9">17.93</value> <value xid="10">18.36</value> <value xid="11">18.36</value> <value xid="12">17.93</value> <value xid="13">17.93</value> <value xid="14">20.52</value> <value xid="15">20.52</value> <value xid="16">19.01</value> <value xid="17">19.01</value> <value xid="18">20.52</value> <value xid="19">20.52</value> <value xid="20">20.09</value> <value xid="21">20.09</value> <value xid="22">22.9</value> <value xid="23">22.9</value> <value xid="24">21.6</value> <value xid="25">21.6</value> <value xid="26">22.03</value> <value xid="27">22.03</value> <value xid="28">57.24</value> <value xid="29">57.24</value> <value xid="30">49.25</value> <value xid="31">49.25</value> <value xid="32">42.34</value> <value xid="33">42.34</value> <value xid="34">43.85</value> <value xid="35">43.85</value> <value xid="36">45.79</value> <value xid="37">45.79</value> <value xid="38">44.28</value> <value xid="39">44.28</value> <value xid="40">42.12</value> <value xid="41">42.12</value> <value xid="42">43.63</value> <value xid="43">43.63</value> <value xid="44">44.06</value> <value xid="45">44.06</value> <value xid="46">46.87</value> <value xid="47">46.87</value> <value xid="48">45.36</value> <value xid="49">45.36</value> <value xid="50">42.77</value> <value xid="51">42.77</value> <value xid="52">42.98</value> <value xid="53">42.98</value> <value xid="54">42.77</value> <value xid="55">42.77</value> <value xid="56">44.06</value> <value xid="57">44.06</value> <value xid="58">43.85</value> <value xid="59">43.85</value> <value xid="60">43.85</value> <value xid="61">43.85</value> <value xid="62">44.06</value> <value xid="63">44.06</value> <value xid="64">54.86</value> <value xid="65">54.86</value> <value xid="66">64.8</value> <value xid="67">64.8</value> <value xid="68">66.53</value> <value xid="69">66.53</value> <value xid="70">64.58</value> <value xid="71">64.58</value> <value xid="72">63.72</value> <value xid="73">63.72</value> <value xid="74">62.86</value> <value xid="75">62.86</value> <value xid="76">63.29</value> <value xid="77">63.29</value> <value xid="78">65.02</value> <value xid="79">65.02</value> <value xid="80">64.58</value> <value xid="81">64.58</value> <value xid="82">63.72</value> <value xid="83">63.72</value> <value xid="84">61.78</value> <value xid="85">61.78</value> <value xid="86">60.05</value> <value xid="87">60.05</value> <value xid="88">57.89</value> <value xid="89">57.89</value> <value xid="90">57.24</value> <value xid="91">57.24</value> <value xid="92">33.26</value> <value xid="93">33.26</value> <value xid="94">19.01</value> <value xid="95">19.01</value></graph><graph gid="4"> <value xid="0">19.66</value> <value xid="1">19.66</value> <value xid="2">19.87</value> <value xid="3">19.87</value> <value xid="4">22.46</value> <value xid="5">22.46</value> <value xid="6">20.74</value> <value xid="7">20.74</value> <value xid="8">19.44</value> <value xid="9">19.44</value> <value xid="10">19.22</value> <value xid="11">19.22</value> <value xid="12">18.58</value> <value xid="13">18.58</value> <value xid="14">21.6</value> <value xid="15">21.6</value> <value xid="16">21.38</value> <value xid="17">21.38</value> <value xid="18">21.38</value> <value xid="19">21.38</value> <value xid="20">20.95</value> <value xid="21">20.95</value> <value xid="22">23.98</value> <value xid="23">23.98</value> <value xid="24">24.19</value> <value xid="25">24.19</value> <value xid="26">24.62</value> <value xid="27">24.62</value> <value xid="28">60.91</value> <value xid="29">60.91</value> <value xid="30">54.43</value> <value xid="31">54.43</value> <value xid="32">45.14</value> <value xid="33">45.14</value> <value xid="34">46.01</value> <value xid="35">46.01</value> <value xid="36">49.03</value> <value xid="37">49.03</value> <value xid="38">48.17</value> <value xid="39">48.17</value> <value xid="40">46.01</value> <value xid="41">46.01</value> <value xid="42">47.52</value> <value xid="43">47.52</value> <value xid="44">45.58</value> <value xid="45">45.58</value> <value xid="46">47.52</value> <value xid="47">47.52</value> <value xid="48">45.36</value> <value xid="49">45.36</value> <value xid="50">45.14</value> <value xid="51">45.14</value> <value xid="52">46.44</value> <value xid="53">46.44</value> <value xid="54">45.14</value> <value xid="55">45.14</value> <value xid="56">44.93</value> <value xid="57">44.93</value> <value xid="58">44.5</value> <value xid="59">44.5</value> <value xid="60">44.28</value> <value xid="61">44.28</value> <value xid="62">53.57</value> <value xid="63">53.57</value> <value xid="64">62.86</value> <value xid="65">62.86</value> <value xid="66">63.94</value> <value xid="67">63.94</value> <value xid="68">65.66</value> <value xid="69">65.66</value> <value xid="70">64.58</value> <value xid="71">64.58</value> <value xid="72">62.42</value> <value xid="73">62.42</value> <value xid="74">62.42</value> <value xid="75">62.42</value> <value xid="76">62.42</value> <value xid="77">62.42</value> <value xid="78">65.23</value> <value xid="79">65.23</value> <value xid="80">64.8</value> <value xid="81">64.8</value> <value xid="82">63.72</value> <value xid="83">63.72</value> <value xid="84">62.42</value> <value xid="85">62.42</value> <value xid="86">61.56</value> <value xid="87">61.56</value> <value xid="88">57.02</value> <value xid="89">57.02</value> <value xid="90">56.59</value> <value xid="91">56.59</value> <value xid="92">29.38</value> <value xid="93">29.38</value> <value xid="94">18.36</value> <value xid="95">18.36</value></graph><graph gid="5"> <value xid="0">17.93</value> <value xid="1">17.93</value> <value xid="2">17.71</value> <value xid="3">17.71</value> <value xid="4">20.74</value> <value xid="5">20.74</value> <value xid="6">19.87</value> <value xid="7">19.87</value> <value xid="8">17.71</value> <value xid="9">17.71</value> <value xid="10">17.71</value> <value xid="11">17.71</value> <value xid="12">17.93</value> <value xid="13">17.93</value> <value xid="14">20.09</value> <value xid="15">20.09</value> <value xid="16">17.93</value> <value xid="17">17.93</value> <value xid="18">19.87</value> <value xid="19">19.87</value> <value xid="20">20.3</value> <value xid="21">20.3</value> <value xid="22">23.11</value> <value xid="23">23.11</value> <value xid="24">22.68</value> <value xid="25">22.68</value> <value xid="26">22.03</value> <value xid="27">22.03</value> <value xid="28">56.59</value> <value xid="29">56.59</value> <value xid="30">59.83</value> <value xid="31">59.83</value> <value xid="32">63.5</value> <value xid="33">63.5</value> <value xid="34">47.09</value> <value xid="35">47.09</value> <value xid="36">46.66</value> <value xid="37">46.66</value> <value xid="38">44.71</value> <value xid="39">44.71</value> <value xid="40">42.77</value> <value xid="41">42.77</value> <value xid="42">44.28</value> <value xid="43">44.28</value> <value xid="44">42.77</value> <value xid="45">42.77</value> <value xid="46">46.66</value> <value xid="47">46.66</value> <value xid="48">46.22</value> <value xid="49">46.22</value> <value xid="50">44.71</value> <value xid="51">44.71</value> <value xid="52">46.22</value> <value xid="53">46.22</value> <value xid="54">45.14</value> <value xid="55">45.14</value> <value xid="56">44.71</value> <value xid="57">44.71</value> <value xid="58">44.71</value> <value xid="59">44.71</value> <value xid="60">50.98</value> <value xid="61">50.98</value> <value xid="62">64.58</value> <value xid="63">64.58</value> <value xid="64">64.15</value> <value xid="65">64.15</value> <value xid="66">64.58</value> <value xid="67">64.58</value> <value xid="68">67.39</value> <value xid="69">67.39</value> <value xid="70">66.74</value> <value xid="71">66.74</value> <value xid="72">64.8</value> <value xid="73">64.8</value> <value xid="74">64.8</value> <value xid="75">64.8</value> <value xid="76">64.8</value> <value xid="77">64.8</value> <value xid="78">66.74</value> <value xid="79">66.74</value> <value xid="80">66.1</value> <value xid="81">66.1</value> <value xid="82">65.66</value> <value xid="83">65.66</value> <value xid="84">62.42</value> <value xid="85">62.42</value> <value xid="86">63.07</value> <value xid="87">63.07</value> <value xid="88">60.26</value> <value xid="89">60.26</value> <value xid="90">60.48</value> <value xid="91">60.48</value> <value xid="92">49.25</value> <value xid="93">49.25</value> <value xid="94">20.09</value> <value xid="95">20.09</value></graph><graph gid="6"> <value xid="0">17.5</value> <value xid="1">17.5</value> <value xid="2">18.14</value> <value xid="3">18.14</value> <value xid="4">20.95</value> <value xid="5">20.95</value> <value xid="6">19.44</value> <value xid="7">19.44</value> <value xid="8">17.93</value> <value xid="9">17.93</value> <value xid="10">17.71</value> <value xid="11">17.71</value> <value xid="12">17.5</value> <value xid="13">17.5</value> <value xid="14">20.52</value> <value xid="15">20.52</value> <value xid="16">19.22</value> <value xid="17">19.22</value> <value xid="18">19.01</value> <value xid="19">19.01</value> <value xid="20">20.3</value> <value xid="21">20.3</value> <value xid="22">21.6</value> <value xid="23">21.6</value> <value xid="24">21.38</value> <value xid="25">21.38</value> <value xid="26">21.17</value> <value xid="27">21.17</value> <value xid="28">56.38</value> <value xid="29">56.38</value> <value xid="30">59.83</value> <value xid="31">59.83</value> <value xid="32">45.36</value> <value xid="33">45.36</value> <value xid="34">42.77</value> <value xid="35">42.77</value> <value xid="36">44.93</value> <value xid="37">44.93</value> <value xid="38">44.5</value> <value xid="39">44.5</value> <value xid="40">41.9</value> <value xid="41">41.9</value> <value xid="42">44.28</value> <value xid="43">44.28</value> <value xid="44">42.55</value> <value xid="45">42.55</value> <value xid="46">45.79</value> <value xid="47">45.79</value> <value xid="48">46.22</value> <value xid="49">46.22</value> <value xid="50">43.42</value> <value xid="51">43.42</value> <value xid="52">44.06</value> <value xid="53">44.06</value> <value xid="54">43.85</value> <value xid="55">43.85</value> <value xid="56">43.63</value> <value xid="57">43.63</value> <value xid="58">42.98</value> <value xid="59">42.98</value> <value xid="60">43.2</value> <value xid="61">43.2</value> <value xid="62">51.62</value> <value xid="63">51.62</value> <value xid="64">60.05</value> <value xid="65">60.05</value> <value xid="66">61.99</value> <value xid="67">61.99</value> <value xid="68">64.37</value> <value xid="69">64.37</value> <value xid="70">62.21</value> <value xid="71">62.21</value> <value xid="72">61.56</value> <value xid="73">61.56</value> <value xid="74">61.78</value> <value xid="75">61.78</value> <value xid="76">60.7</value> <value xid="77">60.7</value> <value xid="78">63.72</value> <value xid="79">63.72</value> <value xid="80">64.15</value> <value xid="81">64.15</value> <value xid="82">62.21</value> <value xid="83">62.21</value> <value xid="84">62.21</value> <value xid="85">62.21</value> <value xid="86">60.91</value> <value xid="87">60.91</value> <value xid="88">58.32</value> <value xid="89">58.32</value> <value xid="90">57.89</value> <value xid="91">57.89</value> <value xid="92">29.38</value> <value xid="93">29.38</value> <value xid="94">17.93</value> <value xid="95">17.93</value></graph><graph gid="7"> <value xid="0">17.5</value> <value xid="1">17.5</value> <value xid="2">18.58</value> <value xid="3">18.58</value> <value xid="4">20.95</value> <value xid="5">20.95</value> <value xid="6">19.66</value> <value xid="7">19.66</value> <value xid="8">18.36</value> <value xid="9">18.36</value> <value xid="10">17.71</value> <value xid="11">17.71</value> <value xid="12">18.36</value> <value xid="13">18.36</value> <value xid="14">20.3</value> <value xid="15">20.3</value> <value xid="16">19.44</value> <value xid="17">19.44</value> <value xid="18">20.3</value> <value xid="19">20.3</value> <value xid="20">19.66</value> <value xid="21">19.66</value> <value xid="22">21.82</value> <value xid="23">21.82</value> <value xid="24">21.38</value> <value xid="25">21.38</value> <value xid="26">20.09</value> <value xid="27">20.09</value> <value xid="28">57.67</value> <value xid="29">57.67</value> <value xid="30">57.02</value> <value xid="31">57.02</value> <value xid="32">50.54</value> <value xid="33">50.54</value> <value xid="34">40.82</value> <value xid="35">40.82</value> <value xid="36">46.22</value> <value xid="37">46.22</value> <value xid="38">45.14</value> <value xid="39">45.14</value> <value xid="40">41.69</value> <value xid="41">41.69</value> <value xid="42">43.2</value> <value xid="43">43.2</value> <value xid="44">42.55</value> <value xid="45">42.55</value> <value xid="46">44.93</value> <value xid="47">44.93</value> <value xid="48">45.36</value> <value xid="49">45.36</value> <value xid="50">43.2</value> <value xid="51">43.2</value> <value xid="52">43.63</value> <value xid="53">43.63</value> <value xid="54">43.2</value> <value xid="55">43.2</value> <value xid="56">44.06</value> <value xid="57">44.06</value> <value xid="58">44.28</value> <value xid="59">44.28</value> <value xid="60">47.3</value> <value xid="61">47.3</value> <value xid="62">62.64</value> <value xid="63">62.64</value> <value xid="64">61.34</value> <value xid="65">61.34</value> <value xid="66">62.64</value> <value xid="67">62.64</value> <value xid="68">65.02</value> <value xid="69">65.02</value> <value xid="70">63.72</value> <value xid="71">63.72</value> <value xid="72">62.64</value> <value xid="73">62.64</value> <value xid="74">63.29</value> <value xid="75">63.29</value> <value xid="76">62.42</value> <value xid="77">62.42</value> <value xid="78">64.37</value> <value xid="79">64.37</value> <value xid="80">64.37</value> <value xid="81">64.37</value> <value xid="82">62.64</value> <value xid="83">62.64</value> <value xid="84">60.26</value> <value xid="85">60.26</value> <value xid="86">60.05</value> <value xid="87">60.05</value> <value xid="88">56.16</value> <value xid="89">56.16</value> <value xid="90">55.73</value> <value xid="91">55.73</value> <value xid="92">24.62</value> <value xid="93">24.62</value> <value xid="94">18.36</value> <value xid="95">18.36</value></graph><graph gid="8"> <value xid="0">17.93</value> <value xid="1">17.93</value> <value xid="2">18.79</value> <value xid="3">18.79</value> <value xid="4">21.82</value> <value xid="5">21.82</value> <value xid="6">20.09</value> <value xid="7">20.09</value> <value xid="8">18.36</value> <value xid="9">18.36</value> <value xid="10">18.79</value> <value xid="11">18.79</value> <value xid="12">18.14</value> <value xid="13">18.14</value> <value xid="14">20.74</value> <value xid="15">20.74</value> <value xid="16">18.58</value> <value xid="17">18.58</value> <value xid="18">20.52</value> <value xid="19">20.52</value> <value xid="20">20.74</value> <value xid="21">20.74</value> <value xid="22">23.33</value> <value xid="23">23.33</value> <value xid="24">23.76</value> <value xid="25">23.76</value> <value xid="26">22.46</value> <value xid="27">22.46</value> <value xid="28">46.87</value> <value xid="29">46.87</value> <value xid="30">58.1</value> <value xid="31">58.1</value> <value xid="32">55.73</value> <value xid="33">55.73</value> <value xid="34">40.61</value> <value xid="35">40.61</value> <value xid="36">43.85</value> <value xid="37">43.85</value> <value xid="38">43.85</value> <value xid="39">43.85</value> <value xid="40">41.04</value> <value xid="41">41.04</value> <value xid="42">41.26</value> <value xid="43">41.26</value> <value xid="44">42.12</value> <value xid="45">42.12</value> <value xid="46">43.63</value> <value xid="47">43.63</value> <value xid="48">42.55</value> <value xid="49">42.55</value> <value xid="50">41.47</value> <value xid="51">41.47</value> <value xid="52">41.47</value> <value xid="53">41.47</value> <value xid="54">41.9</value> <value xid="55">41.9</value> <value xid="56">42.12</value> <value xid="57">42.12</value> <value xid="58">41.47</value> <value xid="59">41.47</value> <value xid="60">41.26</value> <value xid="61">41.26</value> <value xid="62">41.69</value> <value xid="63">41.69</value> <value xid="64">52.49</value> <value xid="65">52.49</value> <value xid="66">61.34</value> <value xid="67">61.34</value> <value xid="68">64.8</value> <value xid="69">64.8</value> <value xid="70">63.07</value> <value xid="71">63.07</value> <value xid="72">62.21</value> <value xid="73">62.21</value> <value xid="74">61.34</value> <value xid="75">61.34</value> <value xid="76">60.7</value> <value xid="77">60.7</value> <value xid="78">63.07</value> <value xid="79">63.07</value> <value xid="80">62.64</value> <value xid="81">62.64</value> <value xid="82">61.34</value> <value xid="83">61.34</value> <value xid="84">60.7</value> <value xid="85">60.7</value> <value xid="86">60.91</value> <value xid="87">60.91</value> <value xid="88">57.89</value> <value xid="89">57.89</value> <value xid="90">57.67</value> <value xid="91">57.67</value> <value xid="92">55.3</value> <value xid="93">55.3</value> <value xid="94">26.35</value> <value xid="95">26.35</value></graph><graph gid="9"> <value xid="0">17.93</value> <value xid="1">17.93</value> <value xid="2">17.93</value> <value xid="3">17.93</value> <value xid="4">21.38</value> <value xid="5">21.38</value> <value xid="6">19.66</value> <value xid="7">19.66</value> <value xid="8">17.71</value> <value xid="9">17.71</value> <value xid="10">18.14</value> <value xid="11">18.14</value> <value xid="12">17.93</value> <value xid="13">17.93</value> <value xid="14">20.09</value> <value xid="15">20.09</value> <value xid="16">18.58</value> <value xid="17">18.58</value> <value xid="18">19.87</value> <value xid="19">19.87</value> <value xid="20">20.09</value> <value xid="21">20.09</value> <value xid="22">22.03</value> <value xid="23">22.03</value> <value xid="24">22.03</value> <value xid="25">22.03</value> <value xid="26">20.74</value> <value xid="27">20.74</value> <value xid="28">56.38</value> <value xid="29">56.38</value> <value xid="30">58.97</value> <value xid="31">58.97</value> <value xid="32">61.99</value> <value xid="33">61.99</value> <value xid="34">61.78</value> <value xid="35">61.78</value> <value xid="36">51.41</value> <value xid="37">51.41</value> <value xid="38">60.26</value> <value xid="39">60.26</value> <value xid="40">41.9</value> <value xid="41">41.9</value> <value xid="42">48.38</value> <value xid="43">48.38</value> <value xid="44">45.36</value> <value xid="45">45.36</value> <value xid="46">46.87</value> <value xid="47">46.87</value> <value xid="48">47.95</value> <value xid="49">47.95</value> <value xid="50">62.64</value> <value xid="51">62.64</value> <value xid="52">52.49</value> <value xid="53">52.49</value> <value xid="54">41.47</value> <value xid="55">41.47</value> <value xid="56">40.18</value> <value xid="57">40.18</value> <value xid="58">42.34</value> <value xid="59">42.34</value> <value xid="60">43.42</value> <value xid="61">43.42</value> <value xid="62">45.79</value> <value xid="63">45.79</value> <value xid="64">53.57</value> <value xid="65">53.57</value> <value xid="66">59.83</value> <value xid="67">59.83</value> <value xid="68">64.58</value> <value xid="69">64.58</value> <value xid="70">65.66</value> <value xid="71">65.66</value> <value xid="72">63.07</value> <value xid="73">63.07</value> <value xid="74">62.86</value> <value xid="75">62.86</value> <value xid="76">62.42</value> <value xid="77">62.42</value> <value xid="78">65.88</value> <value xid="79">65.88</value> <value xid="80">64.58</value> <value xid="81">64.58</value> <value xid="82">63.5</value> <value xid="83">63.5</value> <value xid="84">60.05</value> <value xid="85">60.05</value> <value xid="86">60.05</value> <value xid="87">60.05</value> <value xid="88">55.08</value> <value xid="89">55.08</value> <value xid="90">55.73</value> <value xid="91">55.73</value> <value xid="92">43.85</value> <value xid="93">43.85</value> <value xid="94">18.14</value> <value xid="95">18.14</value></graph></graphs></chart>