<chart><series><value xid="0">Aug-11</value><value xid="1">Sep-11</value><value xid="2">Oct-11</value><value xid="3">Nov-11</value><value xid="4">Dec-11</value><value xid="5">Jan-12</value><value xid="6">Feb-12</value><value xid="7">Mar-12</value><value xid="8">Apr-12</value><value xid="9">May-12</value><value xid="10">Jun-12</value><value xid="11">Jul-12</value></series><graphs><graph gid="0"><value xid="0">1235</value><value xid="1">1086</value><value xid="2">1007</value><value xid="3">1014</value><value xid="4">1036</value><value xid="5">1009</value><value xid="6">990</value><value xid="7">1018</value><value xid="8">951</value><value xid="9">1085</value><value xid="10">1182</value><value xid="11">1259</value></graph> <graph gid="1"><value xid="0">73.6</value><value xid="1">63.0</value><value xid="2">54.2</value><value xid="3">45.2</value><value xid="4">36.4</value><value xid="5">31.3</value><value xid="6">33.3</value><value xid="7">53.3</value><value xid="8">50.1</value><value xid="9">64.4</value><value xid="10">73.1</value><value xid="11">80.7</value></graph> </graphs></chart>