<chart><series><value xid="0">0:15</value><value xid="1">0:30</value><value xid="2">0:45</value><value xid="3">1:00</value><value xid="4">1:15</value><value xid="5">1:30</value><value xid="6">1:45</value><value xid="7">2:00</value><value xid="8">2:15</value><value xid="9">2:30</value><value xid="10">2:45</value><value xid="11">3:00</value><value xid="12">3:15</value><value xid="13">3:30</value><value xid="14">3:45</value><value xid="15">4:00</value><value xid="16">4:15</value><value xid="17">4:30</value><value xid="18">4:45</value><value xid="19">5:00</value><value xid="20">5:15</value><value xid="21">5:30</value><value xid="22">5:45</value><value xid="23">6:00</value><value xid="24">6:15</value><value xid="25">6:30</value><value xid="26">6:45</value><value xid="27">7:00</value><value xid="28">7:15</value><value xid="29">7:30</value><value xid="30">7:45</value><value xid="31">8:00</value><value xid="32">8:15</value><value xid="33">8:30</value><value xid="34">8:45</value><value xid="35">9:00</value><value xid="36">9:15</value><value xid="37">9:30</value><value xid="38">9:45</value><value xid="39">10:00</value><value xid="40">10:15</value><value xid="41">10:30</value><value xid="42">10:45</value><value xid="43">11:00</value><value xid="44">11:15</value><value xid="45">11:30</value><value xid="46">11:45</value><value xid="47">12:00</value><value xid="48">12:15</value><value xid="49">12:30</value><value xid="50">12:45</value><value xid="51">13:00</value><value xid="52">13:15</value><value xid="53">13:30</value><value xid="54">13:45</value><value xid="55">14:00</value><value xid="56">14:15</value><value xid="57">14:30</value><value xid="58">14:45</value><value xid="59">15:00</value><value xid="60">15:15</value><value xid="61">15:30</value><value xid="62">15:45</value><value xid="63">16:00</value><value xid="64">16:15</value><value xid="65">16:30</value><value xid="66">16:45</value><value xid="67">17:00</value><value xid="68">17:15</value><value xid="69">17:30</value><value xid="70">17:45</value><value xid="71">18:00</value><value xid="72">18:15</value><value xid="73">18:30</value><value xid="74">18:45</value><value xid="75">19:00</value><value xid="76">19:15</value><value xid="77">19:30</value><value xid="78">19:45</value><value xid="79">20:00</value><value xid="80">20:15</value><value xid="81">20:30</value><value xid="82">20:45</value><value xid="83">21:00</value><value xid="84">21:15</value><value xid="85">21:30</value><value xid="86">21:45</value><value xid="87">22:00</value><value xid="88">22:15</value><value xid="89">22:30</value><value xid="90">22:45</value><value xid="91">23:00</value><value xid="92">23:15</value><value xid="93">23:30</value><value xid="94">23:45</value><value xid="95">0:00</value></series><graphs><graph gid="0"> <value xid="0">21.88</value> <value xid="1">21.88</value> <value xid="2">20.67</value> <value xid="3">20.68</value> <value xid="4">21.17</value> <value xid="5">21.18</value> <value xid="6">20.66</value> <value xid="7">20.66</value> <value xid="8">21.42</value> <value xid="9">21.42</value> <value xid="10">20.83</value> <value xid="11">20.83</value> <value xid="12">19.85</value> <value xid="13">19.84</value> <value xid="14">20.38</value> <value xid="15">20.38</value> <value xid="16">19.71</value> <value xid="17">19.71</value> <value xid="18">21.39</value> <value xid="19">21.39</value> <value xid="20">20.93</value> <value xid="21">20.93</value> <value xid="22">21.31</value> <value xid="23">21.31</value> <value xid="24">21.29</value> <value xid="25">21.29</value> <value xid="26">22.8</value> <value xid="27">22.8</value> <value xid="28">23.62</value> <value xid="29">23.62</value> <value xid="30">25.45</value> <value xid="31">25.45</value> <value xid="32">43.35</value> <value xid="33">43.35</value> <value xid="34">43.63</value> <value xid="35">43.63</value> <value xid="36">47.06</value> <value xid="37">47.06</value> <value xid="38">47.69</value> <value xid="39">47.69</value> <value xid="40">49.48</value> <value xid="41">49.48</value> <value xid="42">50.33</value> <value xid="43">50.33</value> <value xid="44">49.03</value> <value xid="45">49.03</value> <value xid="46">51.06</value> <value xid="47">51.06</value> <value xid="48">51.73</value> <value xid="49">51.73</value> <value xid="50">53.19</value> <value xid="51">53.19</value> <value xid="52">53.2</value> <value xid="53">53.2</value> <value xid="54">52.73</value> <value xid="55">52.73</value> <value xid="56">52.73</value> <value xid="57">52.73</value> <value xid="58">53.89</value> <value xid="59">53.89</value> <value xid="60">55.07</value> <value xid="61">55.07</value> <value xid="62">56.47</value> <value xid="63">56.47</value> <value xid="64">57.89</value> <value xid="65">57.89</value> <value xid="66">59.36</value> <value xid="67">59.36</value> <value xid="68">58.74</value> <value xid="69">58.74</value> <value xid="70">59.05</value> <value xid="71">59.05</value> <value xid="72">60.33</value> <value xid="73">60.33</value> <value xid="74">61.53</value> <value xid="75">61.53</value> <value xid="76">61.16</value> <value xid="77">61.16</value> <value xid="78">63.48</value> <value xid="79">63.48</value> <value xid="80">64.92</value> <value xid="81">64.92</value> <value xid="82">66.4</value> <value xid="83">66.4</value> <value xid="84">64.95</value> <value xid="85">64.95</value> <value xid="86">63.99</value> <value xid="87">63.99</value> <value xid="88">60</value> <value xid="89">60</value> <value xid="90">54.43</value> <value xid="91">54.42</value> <value xid="92">33.18</value> <value xid="93">33.17</value> <value xid="94">23.69</value> <value xid="95">23.68</value></graph><graph gid="1"> <value xid="0">21.97</value> <value xid="1">21.96</value> <value xid="2">21.07</value> <value xid="3">21.07</value> <value xid="4">21.74</value> <value xid="5">21.74</value> <value xid="6">21.51</value> <value xid="7">21.51</value> <value xid="8">22.18</value> <value xid="9">22.18</value> <value xid="10">21.33</value> <value xid="11">21.33</value> <value xid="12">20.15</value> <value xid="13">20.15</value> <value xid="14">20.7</value> <value xid="15">20.7</value> <value xid="16">20.06</value> <value xid="17">20.06</value> <value xid="18">21.47</value> <value xid="19">21.47</value> <value xid="20">21.01</value> <value xid="21">21.01</value> <value xid="22">20.98</value> <value xid="23">20.98</value> <value xid="24">21.33</value> <value xid="25">21.33</value> <value xid="26">24.06</value> <value xid="27">24.06</value> <value xid="28">48.75</value> <value xid="29">48.75</value> <value xid="30">49.65</value> <value xid="31">49.65</value> <value xid="32">50.25</value> <value xid="33">50.25</value> <value xid="34">48.53</value> <value xid="35">48.53</value> <value xid="36">49.51</value> <value xid="37">49.51</value> <value xid="38">49.11</value> <value xid="39">49.11</value> <value xid="40">50.09</value> <value xid="41">50.09</value> <value xid="42">50.66</value> <value xid="43">50.66</value> <value xid="44">49.63</value> <value xid="45">49.63</value> <value xid="46">51.74</value> <value xid="47">51.74</value> <value xid="48">52.02</value> <value xid="49">52.02</value> <value xid="50">53</value> <value xid="51">53</value> <value xid="52">53.27</value> <value xid="53">53.27</value> <value xid="54">52.75</value> <value xid="55">52.75</value> <value xid="56">53.69</value> <value xid="57">53.69</value> <value xid="58">54.31</value> <value xid="59">54.31</value> <value xid="60">55.55</value> <value xid="61">55.55</value> <value xid="62">57.81</value> <value xid="63">57.81</value> <value xid="64">58.4</value> <value xid="65">58.4</value> <value xid="66">60</value> <value xid="67">60</value> <value xid="68">60.51</value> <value xid="69">60.51</value> <value xid="70">61.93</value> <value xid="71">61.93</value> <value xid="72">62.86</value> <value xid="73">62.86</value> <value xid="74">63.57</value> <value xid="75">63.57</value> <value xid="76">65.39</value> <value xid="77">65.39</value> <value xid="78">66.89</value> <value xid="79">66.89</value> <value xid="80">68.47</value> <value xid="81">68.47</value> <value xid="82">70.07</value> <value xid="83">70.07</value> <value xid="84">69.09</value> <value xid="85">69.09</value> <value xid="86">68.79</value> <value xid="87">68.79</value> <value xid="88">63.77</value> <value xid="89">63.77</value> <value xid="90">59.76</value> <value xid="91">59.76</value> <value xid="92">41.77</value> <value xid="93">41.77</value> <value xid="94">26.53</value> <value xid="95">26.53</value></graph><graph gid="2"> <value xid="0">23.4</value> <value xid="1">23.4</value> <value xid="2">21.74</value> <value xid="3">21.74</value> <value xid="4">22.07</value> <value xid="5">22.07</value> <value xid="6">21.56</value> <value xid="7">21.56</value> <value xid="8">22.35</value> <value xid="9">22.35</value> <value xid="10">21.42</value> <value xid="11">21.42</value> <value xid="12">20.29</value> <value xid="13">20.29</value> <value xid="14">20.82</value> <value xid="15">20.82</value> <value xid="16">20.26</value> <value xid="17">20.26</value> <value xid="18">21.71</value> <value xid="19">21.71</value> <value xid="20">21.13</value> <value xid="21">21.13</value> <value xid="22">21.02</value> <value xid="23">21.02</value> <value xid="24">21.7</value> <value xid="25">21.7</value> <value xid="26">23.92</value> <value xid="27">23.92</value> <value xid="28">47.76</value> <value xid="29">47.76</value> <value xid="30">45.87</value> <value xid="31">45.87</value> <value xid="32">49.1</value> <value xid="33">49.1</value> <value xid="34">49.85</value> <value xid="35">49.85</value> <value xid="36">50.38</value> <value xid="37">50.38</value> <value xid="38">50.07</value> <value xid="39">50.07</value> <value xid="40">49.97</value> <value xid="41">49.97</value> <value xid="42">50.85</value> <value xid="43">50.85</value> <value xid="44">50.3</value> <value xid="45">50.3</value> <value xid="46">52.81</value> <value xid="47">52.81</value> <value xid="48">51.85</value> <value xid="49">51.85</value> <value xid="50">53.09</value> <value xid="51">53.09</value> <value xid="52">54.24</value> <value xid="53">54.24</value> <value xid="54">54.03</value> <value xid="55">54.03</value> <value xid="56">54.78</value> <value xid="57">54.78</value> <value xid="58">55.34</value> <value xid="59">55.34</value> <value xid="60">55.79</value> <value xid="61">55.79</value> <value xid="62">57.16</value> <value xid="63">57.16</value> <value xid="64">58.31</value> <value xid="65">58.31</value> <value xid="66">59.71</value> <value xid="67">59.71</value> <value xid="68">60.16</value> <value xid="69">60.16</value> <value xid="70">61.99</value> <value xid="71">61.99</value> <value xid="72">63.25</value> <value xid="73">63.25</value> <value xid="74">64.38</value> <value xid="75">64.38</value> <value xid="76">64.91</value> <value xid="77">64.91</value> <value xid="78">66.27</value> <value xid="79">66.27</value> <value xid="80">68.2</value> <value xid="81">68.2</value> <value xid="82">69.98</value> <value xid="83">69.98</value> <value xid="84">69.01</value> <value xid="85">69.01</value> <value xid="86">67.66</value> <value xid="87">67.66</value> <value xid="88">62.93</value> <value xid="89">62.93</value> <value xid="90">55.12</value> <value xid="91">55.12</value> <value xid="92">28.15</value> <value xid="93">28.15</value> <value xid="94">23.08</value> <value xid="95">23.08</value></graph><graph gid="3"> <value xid="0">22.42</value> <value xid="1">22.42</value> <value xid="2">21.69</value> <value xid="3">21.69</value> <value xid="4">21.82</value> <value xid="5">21.82</value> <value xid="6">21.05</value> <value xid="7">21.05</value> <value xid="8">21.61</value> <value xid="9">21.61</value> <value xid="10">20.8</value> <value xid="11">20.8</value> <value xid="12">20</value> <value xid="13">20</value> <value xid="14">20.64</value> <value xid="15">20.64</value> <value xid="16">19.92</value> <value xid="17">19.92</value> <value xid="18">21.29</value> <value xid="19">21.29</value> <value xid="20">20.54</value> <value xid="21">20.54</value> <value xid="22">20.74</value> <value xid="23">20.74</value> <value xid="24">21.99</value> <value xid="25">21.99</value> <value xid="26">24.02</value> <value xid="27">24.02</value> <value xid="28">48.96</value> <value xid="29">48.96</value> <value xid="30">46.17</value> <value xid="31">46.17</value> <value xid="32">47.13</value> <value xid="33">47.13</value> <value xid="34">47.51</value> <value xid="35">47.51</value> <value xid="36">48.74</value> <value xid="37">48.74</value> <value xid="38">49.44</value> <value xid="39">49.44</value> <value xid="40">50.43</value> <value xid="41">50.43</value> <value xid="42">50.77</value> <value xid="43">50.77</value> <value xid="44">50.16</value> <value xid="45">50.16</value> <value xid="46">51.52</value> <value xid="47">51.52</value> <value xid="48">52.48</value> <value xid="49">52.48</value> <value xid="50">55.53</value> <value xid="51">55.53</value> <value xid="52">55.36</value> <value xid="53">55.36</value> <value xid="54">54.37</value> <value xid="55">54.37</value> <value xid="56">55.27</value> <value xid="57">55.27</value> <value xid="58">56.29</value> <value xid="59">56.29</value> <value xid="60">57.31</value> <value xid="61">57.31</value> <value xid="62">58.44</value> <value xid="63">58.44</value> <value xid="64">59.43</value> <value xid="65">59.43</value> <value xid="66">61.57</value> <value xid="67">61.57</value> <value xid="68">61.22</value> <value xid="69">61.22</value> <value xid="70">62.33</value> <value xid="71">62.33</value> <value xid="72">63.6</value> <value xid="73">63.6</value> <value xid="74">64.05</value> <value xid="75">64.05</value> <value xid="76">65.39</value> <value xid="77">65.39</value> <value xid="78">67.14</value> <value xid="79">67.14</value> <value xid="80">68.97</value> <value xid="81">68.97</value> <value xid="82">70.35</value> <value xid="83">70.35</value> <value xid="84">68.94</value> <value xid="85">68.94</value> <value xid="86">67.53</value> <value xid="87">67.53</value> <value xid="88">62.18</value> <value xid="89">62.18</value> <value xid="90">56.22</value> <value xid="91">56.22</value> <value xid="92">31.32</value> <value xid="93">31.32</value> <value xid="94">23.21</value> <value xid="95">23.21</value></graph><graph gid="4"> <value xid="0">22.09</value> <value xid="1">22.09</value> <value xid="2">21.29</value> <value xid="3">21.29</value> <value xid="4">21.64</value> <value xid="5">21.64</value> <value xid="6">20.83</value> <value xid="7">20.83</value> <value xid="8">21.63</value> <value xid="9">21.63</value> <value xid="10">20.91</value> <value xid="11">20.91</value> <value xid="12">19.72</value> <value xid="13">19.72</value> <value xid="14">20.4</value> <value xid="15">20.4</value> <value xid="16">19.78</value> <value xid="17">19.78</value> <value xid="18">21.19</value> <value xid="19">21.19</value> <value xid="20">21</value> <value xid="21">21</value> <value xid="22">21.02</value> <value xid="23">21.02</value> <value xid="24">21.43</value> <value xid="25">21.43</value> <value xid="26">23.63</value> <value xid="27">23.63</value> <value xid="28">48.94</value> <value xid="29">48.94</value> <value xid="30">47.77</value> <value xid="31">47.77</value> <value xid="32">48.79</value> <value xid="33">48.79</value> <value xid="34">48.28</value> <value xid="35">48.28</value> <value xid="36">49.02</value> <value xid="37">49.02</value> <value xid="38">49.04</value> <value xid="39">49.04</value> <value xid="40">49.68</value> <value xid="41">49.68</value> <value xid="42">50.13</value> <value xid="43">50.13</value> <value xid="44">48.92</value> <value xid="45">48.92</value> <value xid="46">50.89</value> <value xid="47">50.89</value> <value xid="48">51.98</value> <value xid="49">51.98</value> <value xid="50">53.29</value> <value xid="51">53.29</value> <value xid="52">54.07</value> <value xid="53">54.07</value> <value xid="54">53.54</value> <value xid="55">53.54</value> <value xid="56">54.18</value> <value xid="57">54.18</value> <value xid="58">55.22</value> <value xid="59">55.22</value> <value xid="60">55.88</value> <value xid="61">55.88</value> <value xid="62">57.06</value> <value xid="63">57.06</value> <value xid="64">59.34</value> <value xid="65">59.34</value> <value xid="66">59.74</value> <value xid="67">59.74</value> <value xid="68">60.5</value> <value xid="69">60.5</value> <value xid="70">61.62</value> <value xid="71">61.62</value> <value xid="72">63.18</value> <value xid="73">63.18</value> <value xid="74">63.6</value> <value xid="75">63.6</value> <value xid="76">63.56</value> <value xid="77">63.56</value> <value xid="78">66.27</value> <value xid="79">66.27</value> <value xid="80">67.64</value> <value xid="81">67.64</value> <value xid="82">69.17</value> <value xid="83">69.17</value> <value xid="84">67.7</value> <value xid="85">67.7</value> <value xid="86">66.77</value> <value xid="87">66.77</value> <value xid="88">61.9</value> <value xid="89">61.9</value> <value xid="90">50.07</value> <value xid="91">50.07</value> <value xid="92">26.59</value> <value xid="93">26.59</value> <value xid="94">22.45</value> <value xid="95">22.45</value></graph><graph gid="5"> <value xid="0">21.74</value> <value xid="1">21.74</value> <value xid="2">21.12</value> <value xid="3">21.12</value> <value xid="4">21.7</value> <value xid="5">21.7</value> <value xid="6">21.26</value> <value xid="7">21.26</value> <value xid="8">21.87</value> <value xid="9">21.87</value> <value xid="10">21.05</value> <value xid="11">21.05</value> <value xid="12">20.15</value> <value xid="13">20.15</value> <value xid="14">20.78</value> <value xid="15">20.78</value> <value xid="16">20.15</value> <value xid="17">20.15</value> <value xid="18">21.36</value> <value xid="19">21.36</value> <value xid="20">20.92</value> <value xid="21">20.92</value> <value xid="22">21.26</value> <value xid="23">21.26</value> <value xid="24">21.96</value> <value xid="25">21.96</value> <value xid="26">24.37</value> <value xid="27">24.37</value> <value xid="28">49.05</value> <value xid="29">49.05</value> <value xid="30">47.01</value> <value xid="31">47.01</value> <value xid="32">47.96</value> <value xid="33">47.96</value> <value xid="34">47.87</value> <value xid="35">47.87</value> <value xid="36">48.47</value> <value xid="37">48.47</value> <value xid="38">49.11</value> <value xid="39">49.11</value> <value xid="40">49.37</value> <value xid="41">49.37</value> <value xid="42">49.56</value> <value xid="43">49.56</value> <value xid="44">49.5</value> <value xid="45">49.5</value> <value xid="46">51.92</value> <value xid="47">51.92</value> <value xid="48">51.13</value> <value xid="49">51.13</value> <value xid="50">52.84</value> <value xid="51">52.84</value> <value xid="52">52.61</value> <value xid="53">52.61</value> <value xid="54">52.03</value> <value xid="55">52.03</value> <value xid="56">52.57</value> <value xid="57">52.57</value> <value xid="58">52.77</value> <value xid="59">52.77</value> <value xid="60">53.81</value> <value xid="61">53.81</value> <value xid="62">54.98</value> <value xid="63">54.98</value> <value xid="64">57.03</value> <value xid="65">57.03</value> <value xid="66">58.36</value> <value xid="67">58.36</value> <value xid="68">59.92</value> <value xid="69">59.92</value> <value xid="70">61.97</value> <value xid="71">61.97</value> <value xid="72">63.22</value> <value xid="73">63.22</value> <value xid="74">64.33</value> <value xid="75">64.33</value> <value xid="76">64.71</value> <value xid="77">64.71</value> <value xid="78">66.41</value> <value xid="79">66.41</value> <value xid="80">68.33</value> <value xid="81">68.33</value> <value xid="82">69.74</value> <value xid="83">69.74</value> <value xid="84">68.2</value> <value xid="85">68.2</value> <value xid="86">66.91</value> <value xid="87">66.91</value> <value xid="88">62.39</value> <value xid="89">62.39</value> <value xid="90">59.48</value> <value xid="91">59.48</value> <value xid="92">34.92</value> <value xid="93">34.92</value> <value xid="94">23.5</value> <value xid="95">23.5</value></graph><graph gid="6"> <value xid="0">22.6</value> <value xid="1">22.6</value> <value xid="2">21.26</value> <value xid="3">21.26</value> <value xid="4">21.89</value> <value xid="5">21.89</value> <value xid="6">21.41</value> <value xid="7">21.41</value> <value xid="8">22.15</value> <value xid="9">22.15</value> <value xid="10">21.29</value> <value xid="11">21.29</value> <value xid="12">20.23</value> <value xid="13">20.23</value> <value xid="14">20.85</value> <value xid="15">20.85</value> <value xid="16">20.4</value> <value xid="17">20.4</value> <value xid="18">21.78</value> <value xid="19">21.78</value> <value xid="20">21.26</value> <value xid="21">21.26</value> <value xid="22">21.74</value> <value xid="23">21.74</value> <value xid="24">21.82</value> <value xid="25">21.82</value> <value xid="26">23.36</value> <value xid="27">23.36</value> <value xid="28">24.37</value> <value xid="29">24.37</value> <value xid="30">25.35</value> <value xid="31">25.35</value> <value xid="32">44.64</value> <value xid="33">44.64</value> <value xid="34">44.98</value> <value xid="35">44.98</value> <value xid="36">47.73</value> <value xid="37">47.73</value> <value xid="38">48.69</value> <value xid="39">48.69</value> <value xid="40">50.05</value> <value xid="41">50.05</value> <value xid="42">50.1</value> <value xid="43">50.1</value> <value xid="44">49.12</value> <value xid="45">49.12</value> <value xid="46">51.87</value> <value xid="47">51.87</value> <value xid="48">51.5</value> <value xid="49">51.5</value> <value xid="50">52.75</value> <value xid="51">52.75</value> <value xid="52">53.28</value> <value xid="53">53.28</value> <value xid="54">52.62</value> <value xid="55">52.62</value> <value xid="56">52.36</value> <value xid="57">52.36</value> <value xid="58">52.37</value> <value xid="59">52.37</value> <value xid="60">53.99</value> <value xid="61">53.99</value> <value xid="62">54.81</value> <value xid="63">54.81</value> <value xid="64">55.52</value> <value xid="65">55.52</value> <value xid="66">57.32</value> <value xid="67">57.32</value> <value xid="68">57</value> <value xid="69">57</value> <value xid="70">58.48</value> <value xid="71">58.48</value> <value xid="72">60.74</value> <value xid="73">60.74</value> <value xid="74">62.76</value> <value xid="75">62.76</value> <value xid="76">62.77</value> <value xid="77">62.77</value> <value xid="78">64.53</value> <value xid="79">64.53</value> <value xid="80">66.14</value> <value xid="81">66.14</value> <value xid="82">66.88</value> <value xid="83">66.88</value> <value xid="84">65.93</value> <value xid="85">65.93</value> <value xid="86">64.66</value> <value xid="87">64.66</value> <value xid="88">60.85</value> <value xid="89">60.85</value> <value xid="90">56.21</value> <value xid="91">56.21</value> <value xid="92">32.75</value> <value xid="93">32.75</value> <value xid="94">23.75</value> <value xid="95">23.75</value></graph></graphs></chart>