<chart><series><value xid="0">0:15</value><value xid="1">0:30</value><value xid="2">0:45</value><value xid="3">1:00</value><value xid="4">1:15</value><value xid="5">1:30</value><value xid="6">1:45</value><value xid="7">2:00</value><value xid="8">2:15</value><value xid="9">2:30</value><value xid="10">2:45</value><value xid="11">3:00</value><value xid="12">3:15</value><value xid="13">3:30</value><value xid="14">3:45</value><value xid="15">4:00</value><value xid="16">4:15</value><value xid="17">4:30</value><value xid="18">4:45</value><value xid="19">5:00</value><value xid="20">5:15</value><value xid="21">5:30</value><value xid="22">5:45</value><value xid="23">6:00</value><value xid="24">6:15</value><value xid="25">6:30</value><value xid="26">6:45</value><value xid="27">7:00</value><value xid="28">7:15</value><value xid="29">7:30</value><value xid="30">7:45</value><value xid="31">8:00</value><value xid="32">8:15</value><value xid="33">8:30</value><value xid="34">8:45</value><value xid="35">9:00</value><value xid="36">9:15</value><value xid="37">9:30</value><value xid="38">9:45</value><value xid="39">10:00</value><value xid="40">10:15</value><value xid="41">10:30</value><value xid="42">10:45</value><value xid="43">11:00</value><value xid="44">11:15</value><value xid="45">11:30</value><value xid="46">11:45</value><value xid="47">12:00</value><value xid="48">12:15</value><value xid="49">12:30</value><value xid="50">12:45</value><value xid="51">13:00</value><value xid="52">13:15</value><value xid="53">13:30</value><value xid="54">13:45</value><value xid="55">14:00</value><value xid="56">14:15</value><value xid="57">14:30</value><value xid="58">14:45</value><value xid="59">15:00</value><value xid="60">15:15</value><value xid="61">15:30</value><value xid="62">15:45</value><value xid="63">16:00</value><value xid="64">16:15</value><value xid="65">16:30</value><value xid="66">16:45</value><value xid="67">17:00</value><value xid="68">17:15</value><value xid="69">17:30</value><value xid="70">17:45</value><value xid="71">18:00</value><value xid="72">18:15</value><value xid="73">18:30</value><value xid="74">18:45</value><value xid="75">19:00</value><value xid="76">19:15</value><value xid="77">19:30</value><value xid="78">19:45</value><value xid="79">20:00</value><value xid="80">20:15</value><value xid="81">20:30</value><value xid="82">20:45</value><value xid="83">21:00</value><value xid="84">21:15</value><value xid="85">21:30</value><value xid="86">21:45</value><value xid="87">22:00</value><value xid="88">22:15</value><value xid="89">22:30</value><value xid="90">22:45</value><value xid="91">23:00</value><value xid="92">23:15</value><value xid="93">23:30</value><value xid="94">23:45</value><value xid="95">0:00</value></series><graphs><graph gid="0"> <value xid="0">30.89</value> <value xid="1">30.89</value> <value xid="2">31.32</value> <value xid="3">31.32</value> <value xid="4">31.1</value> <value xid="5">31.1</value> <value xid="6">30.89</value> <value xid="7">30.89</value> <value xid="8">32.62</value> <value xid="9">32.62</value> <value xid="10">31.97</value> <value xid="11">31.97</value> <value xid="12">30.67</value> <value xid="13">30.67</value> <value xid="14">30.89</value> <value xid="15">30.89</value> <value xid="16">30.02</value> <value xid="17">30.02</value> <value xid="18">31.32</value> <value xid="19">31.32</value> <value xid="20">31.54</value> <value xid="21">31.54</value> <value xid="22">29.16</value> <value xid="23">29.16</value> <value xid="24">31.1</value> <value xid="25">31.1</value> <value xid="26">42.98</value> <value xid="27">42.98</value> <value xid="28">58.1</value> <value xid="29">58.1</value> <value xid="30">63.94</value> <value xid="31">63.94</value> <value xid="32">64.58</value> <value xid="33">64.58</value> <value xid="34">69.34</value> <value xid="35">69.34</value> <value xid="36">69.34</value> <value xid="37">69.34</value> <value xid="38">69.12</value> <value xid="39">69.12</value> <value xid="40">73.44</value> <value xid="41">73.44</value> <value xid="42">73.66</value> <value xid="43">73.66</value> <value xid="44">74.52</value> <value xid="45">74.52</value> <value xid="46">73.01</value> <value xid="47">73.01</value> <value xid="48">76.46</value> <value xid="49">76.46</value> <value xid="50">75.6</value> <value xid="51">75.6</value> <value xid="52">77.76</value> <value xid="53">77.76</value> <value xid="54">76.25</value> <value xid="55">76.25</value> <value xid="56">76.03</value> <value xid="57">76.03</value> <value xid="58">76.68</value> <value xid="59">76.68</value> <value xid="60">76.68</value> <value xid="61">76.68</value> <value xid="62">76.46</value> <value xid="63">76.46</value> <value xid="64">77.11</value> <value xid="65">77.11</value> <value xid="66">78.84</value> <value xid="67">78.84</value> <value xid="68">76.03</value> <value xid="69">76.03</value> <value xid="70">76.46</value> <value xid="71">76.46</value> <value xid="72">77.54</value> <value xid="73">77.54</value> <value xid="74">77.98</value> <value xid="75">77.98</value> <value xid="76">75.17</value> <value xid="77">75.17</value> <value xid="78">76.03</value> <value xid="79">76.03</value> <value xid="80">84.46</value> <value xid="81">84.46</value> <value xid="82">94.82</value> <value xid="83">94.82</value> <value xid="84">94.39</value> <value xid="85">94.39</value> <value xid="86">87.7</value> <value xid="87">87.7</value> <value xid="88">65.23</value> <value xid="89">65.23</value> <value xid="90">34.56</value> <value xid="91">34.56</value> <value xid="92">31.1</value> <value xid="93">31.1</value> <value xid="94">30.46</value> <value xid="95">30.46</value></graph><graph gid="1"> <value xid="0">28.51</value> <value xid="1">28.51</value> <value xid="2">30.02</value> <value xid="3">30.02</value> <value xid="4">28.51</value> <value xid="5">28.51</value> <value xid="6">29.81</value> <value xid="7">29.81</value> <value xid="8">31.1</value> <value xid="9">31.1</value> <value xid="10">30.24</value> <value xid="11">30.24</value> <value xid="12">29.38</value> <value xid="13">29.38</value> <value xid="14">28.51</value> <value xid="15">28.51</value> <value xid="16">28.94</value> <value xid="17">28.94</value> <value xid="18">29.81</value> <value xid="19">29.81</value> <value xid="20">30.24</value> <value xid="21">30.24</value> <value xid="22">28.08</value> <value xid="23">28.08</value> <value xid="24">29.38</value> <value xid="25">29.38</value> <value xid="26">34.34</value> <value xid="27">34.34</value> <value xid="28">51.62</value> <value xid="29">51.62</value> <value xid="30">49.46</value> <value xid="31">49.46</value> <value xid="32">55.08</value> <value xid="33">55.08</value> <value xid="34">59.4</value> <value xid="35">59.4</value> <value xid="36">68.26</value> <value xid="37">68.26</value> <value xid="38">70.85</value> <value xid="39">70.85</value> <value xid="40">73.01</value> <value xid="41">73.01</value> <value xid="42">73.87</value> <value xid="43">73.87</value> <value xid="44">74.95</value> <value xid="45">74.95</value> <value xid="46">72.36</value> <value xid="47">72.36</value> <value xid="48">73.66</value> <value xid="49">73.66</value> <value xid="50">76.68</value> <value xid="51">76.68</value> <value xid="52">76.25</value> <value xid="53">76.25</value> <value xid="54">72.14</value> <value xid="55">72.14</value> <value xid="56">74.95</value> <value xid="57">74.95</value> <value xid="58">76.25</value> <value xid="59">76.25</value> <value xid="60">76.25</value> <value xid="61">76.25</value> <value xid="62">76.46</value> <value xid="63">76.46</value> <value xid="64">74.74</value> <value xid="65">74.74</value> <value xid="66">75.17</value> <value xid="67">75.17</value> <value xid="68">74.3</value> <value xid="69">74.3</value> <value xid="70">74.3</value> <value xid="71">74.3</value> <value xid="72">74.52</value> <value xid="73">74.52</value> <value xid="74">74.95</value> <value xid="75">74.95</value> <value xid="76">73.22</value> <value xid="77">73.22</value> <value xid="78">71.28</value> <value xid="79">71.28</value> <value xid="80">81.86</value> <value xid="81">81.86</value> <value xid="82">90.72</value> <value xid="83">90.72</value> <value xid="84">90.07</value> <value xid="85">90.07</value> <value xid="86">77.76</value> <value xid="87">77.76</value> <value xid="88">68.47</value> <value xid="89">68.47</value> <value xid="90">60.48</value> <value xid="91">60.48</value> <value xid="92">30.24</value> <value xid="93">30.24</value> <value xid="94">30.02</value> <value xid="95">30.02</value></graph><graph gid="2"> <value xid="0">30.24</value> <value xid="1">30.24</value> <value xid="2">29.16</value> <value xid="3">29.16</value> <value xid="4">30.02</value> <value xid="5">30.02</value> <value xid="6">30.24</value> <value xid="7">30.24</value> <value xid="8">29.81</value> <value xid="9">29.81</value> <value xid="10">31.75</value> <value xid="11">31.75</value> <value xid="12">29.38</value> <value xid="13">29.38</value> <value xid="14">28.08</value> <value xid="15">28.08</value> <value xid="16">28.94</value> <value xid="17">28.94</value> <value xid="18">29.16</value> <value xid="19">29.16</value> <value xid="20">30.67</value> <value xid="21">30.67</value> <value xid="22">27.22</value> <value xid="23">27.22</value> <value xid="24">29.81</value> <value xid="25">29.81</value> <value xid="26">31.32</value> <value xid="27">31.32</value> <value xid="28">52.06</value> <value xid="29">52.06</value> <value xid="30">56.59</value> <value xid="31">56.59</value> <value xid="32">60.91</value> <value xid="33">60.91</value> <value xid="34">61.78</value> <value xid="35">61.78</value> <value xid="36">65.23</value> <value xid="37">65.23</value> <value xid="38">71.28</value> <value xid="39">71.28</value> <value xid="40">73.22</value> <value xid="41">73.22</value> <value xid="42">74.95</value> <value xid="43">74.95</value> <value xid="44">71.93</value> <value xid="45">71.93</value> <value xid="46">72.58</value> <value xid="47">72.58</value> <value xid="48">74.52</value> <value xid="49">74.52</value> <value xid="50">74.3</value> <value xid="51">74.3</value> <value xid="52">76.03</value> <value xid="53">76.03</value> <value xid="54">76.46</value> <value xid="55">76.46</value> <value xid="56">75.17</value> <value xid="57">75.17</value> <value xid="58">75.82</value> <value xid="59">75.82</value> <value xid="60">79.49</value> <value xid="61">79.49</value> <value xid="62">77.98</value> <value xid="63">77.98</value> <value xid="64">73.66</value> <value xid="65">73.66</value> <value xid="66">74.09</value> <value xid="67">74.09</value> <value xid="68">74.52</value> <value xid="69">74.52</value> <value xid="70">74.52</value> <value xid="71">74.52</value> <value xid="72">76.03</value> <value xid="73">76.03</value> <value xid="74">77.11</value> <value xid="75">77.11</value> <value xid="76">76.9</value> <value xid="77">76.9</value> <value xid="78">75.6</value> <value xid="79">75.6</value> <value xid="80">84.67</value> <value xid="81">84.67</value> <value xid="82">92.02</value> <value xid="83">92.02</value> <value xid="84">94.39</value> <value xid="85">94.39</value> <value xid="86">88.99</value> <value xid="87">88.99</value> <value xid="88">69.77</value> <value xid="89">69.77</value> <value xid="90">45.14</value> <value xid="91">45.14</value> <value xid="92">31.32</value> <value xid="93">31.32</value> <value xid="94">31.32</value> <value xid="95">31.32</value></graph><graph gid="3"> <value xid="0">28.08</value> <value xid="1">28.08</value> <value xid="2">29.81</value> <value xid="3">29.81</value> <value xid="4">29.16</value> <value xid="5">29.16</value> <value xid="6">27.22</value> <value xid="7">27.22</value> <value xid="8">31.1</value> <value xid="9">31.1</value> <value xid="10">31.1</value> <value xid="11">31.1</value> <value xid="12">27.43</value> <value xid="13">27.43</value> <value xid="14">29.16</value> <value xid="15">29.16</value> <value xid="16">28.08</value> <value xid="17">28.08</value> <value xid="18">29.16</value> <value xid="19">29.16</value> <value xid="20">30.89</value> <value xid="21">30.89</value> <value xid="22">26.14</value> <value xid="23">26.14</value> <value xid="24">29.81</value> <value xid="25">29.81</value> <value xid="26">38.02</value> <value xid="27">38.02</value> <value xid="28">51.62</value> <value xid="29">51.62</value> <value xid="30">51.84</value> <value xid="31">51.84</value> <value xid="32">61.99</value> <value xid="33">61.99</value> <value xid="34">66.53</value> <value xid="35">66.53</value> <value xid="36">69.98</value> <value xid="37">69.98</value> <value xid="38">72.36</value> <value xid="39">72.36</value> <value xid="40">71.93</value> <value xid="41">71.93</value> <value xid="42">71.28</value> <value xid="43">71.28</value> <value xid="44">73.44</value> <value xid="45">73.44</value> <value xid="46">73.87</value> <value xid="47">73.87</value> <value xid="48">74.3</value> <value xid="49">74.3</value> <value xid="50">74.3</value> <value xid="51">74.3</value> <value xid="52">76.9</value> <value xid="53">76.9</value> <value xid="54">75.17</value> <value xid="55">75.17</value> <value xid="56">73.44</value> <value xid="57">73.44</value> <value xid="58">74.95</value> <value xid="59">74.95</value> <value xid="60">73.66</value> <value xid="61">73.66</value> <value xid="62">73.66</value> <value xid="63">73.66</value> <value xid="64">74.3</value> <value xid="65">74.3</value> <value xid="66">73.22</value> <value xid="67">73.22</value> <value xid="68">71.93</value> <value xid="69">71.93</value> <value xid="70">74.3</value> <value xid="71">74.3</value> <value xid="72">74.95</value> <value xid="73">74.95</value> <value xid="74">75.38</value> <value xid="75">75.38</value> <value xid="76">73.87</value> <value xid="77">73.87</value> <value xid="78">75.38</value> <value xid="79">75.38</value> <value xid="80">90.07</value> <value xid="81">90.07</value> <value xid="82">85.75</value> <value xid="83">85.75</value> <value xid="84">80.14</value> <value xid="85">80.14</value> <value xid="86">79.27</value> <value xid="87">79.27</value> <value xid="88">68.04</value> <value xid="89">68.04</value> <value xid="90">56.38</value> <value xid="91">56.38</value> <value xid="92">27.65</value> <value xid="93">27.65</value> <value xid="94">28.3</value> <value xid="95">28.3</value></graph><graph gid="4"> <value xid="0">25.92</value> <value xid="1">25.92</value> <value xid="2">25.92</value> <value xid="3">25.92</value> <value xid="4">25.92</value> <value xid="5">25.92</value> <value xid="6">26.14</value> <value xid="7">26.14</value> <value xid="8">28.73</value> <value xid="9">28.73</value> <value xid="10">28.08</value> <value xid="11">28.08</value> <value xid="12">26.78</value> <value xid="13">26.78</value> <value xid="14">25.7</value> <value xid="15">25.7</value> <value xid="16">26.14</value> <value xid="17">26.14</value> <value xid="18">27.86</value> <value xid="19">27.86</value> <value xid="20">28.08</value> <value xid="21">28.08</value> <value xid="22">26.35</value> <value xid="23">26.35</value> <value xid="24">29.16</value> <value xid="25">29.16</value> <value xid="26">30.67</value> <value xid="27">30.67</value> <value xid="28">50.98</value> <value xid="29">50.98</value> <value xid="30">53.14</value> <value xid="31">53.14</value> <value xid="32">58.32</value> <value xid="33">58.32</value> <value xid="34">58.54</value> <value xid="35">58.54</value> <value xid="36">56.59</value> <value xid="37">56.59</value> <value xid="38">63.07</value> <value xid="39">63.07</value> <value xid="40">70.42</value> <value xid="41">70.42</value> <value xid="42">69.98</value> <value xid="43">69.98</value> <value xid="44">67.82</value> <value xid="45">67.82</value> <value xid="46">72.58</value> <value xid="47">72.58</value> <value xid="48">72.58</value> <value xid="49">72.58</value> <value xid="50">72.58</value> <value xid="51">72.58</value> <value xid="52">74.09</value> <value xid="53">74.09</value> <value xid="54">72.36</value> <value xid="55">72.36</value> <value xid="56">73.22</value> <value xid="57">73.22</value> <value xid="58">72.58</value> <value xid="59">72.58</value> <value xid="60">73.01</value> <value xid="61">73.01</value> <value xid="62">73.44</value> <value xid="63">73.44</value> <value xid="64">73.66</value> <value xid="65">73.66</value> <value xid="66">69.34</value> <value xid="67">69.34</value> <value xid="68">73.01</value> <value xid="69">73.01</value> <value xid="70">73.01</value> <value xid="71">73.01</value> <value xid="72">74.52</value> <value xid="73">74.52</value> <value xid="74">72.79</value> <value xid="75">72.79</value> <value xid="76">89.21</value> <value xid="77">89.21</value> <value xid="78">90.72</value> <value xid="79">90.72</value> <value xid="80">86.83</value> <value xid="81">86.83</value> <value xid="82">81.86</value> <value xid="83">81.86</value> <value xid="84">81.22</value> <value xid="85">81.22</value> <value xid="86">77.98</value> <value xid="87">77.98</value> <value xid="88">66.96</value> <value xid="89">66.96</value> <value xid="90">58.97</value> <value xid="91">58.97</value> <value xid="92">30.46</value> <value xid="93">30.46</value> <value xid="94">29.16</value> <value xid="95">29.16</value></graph><graph gid="5"> <value xid="0">29.16</value> <value xid="1">29.16</value> <value xid="2">30.24</value> <value xid="3">30.24</value> <value xid="4">30.02</value> <value xid="5">30.02</value> <value xid="6">29.81</value> <value xid="7">29.81</value> <value xid="8">30.67</value> <value xid="9">30.67</value> <value xid="10">29.59</value> <value xid="11">29.59</value> <value xid="12">29.59</value> <value xid="13">29.59</value> <value xid="14">28.3</value> <value xid="15">28.3</value> <value xid="16">27</value> <value xid="17">27</value> <value xid="18">29.81</value> <value xid="19">29.81</value> <value xid="20">30.24</value> <value xid="21">30.24</value> <value xid="22">28.3</value> <value xid="23">28.3</value> <value xid="24">28.3</value> <value xid="25">28.3</value> <value xid="26">32.18</value> <value xid="27">32.18</value> <value xid="28">47.95</value> <value xid="29">47.95</value> <value xid="30">46.87</value> <value xid="31">46.87</value> <value xid="32">53.57</value> <value xid="33">53.57</value> <value xid="34">63.72</value> <value xid="35">63.72</value> <value xid="36">62.42</value> <value xid="37">62.42</value> <value xid="38">62.64</value> <value xid="39">62.64</value> <value xid="40">67.39</value> <value xid="41">67.39</value> <value xid="42">64.58</value> <value xid="43">64.58</value> <value xid="44">61.78</value> <value xid="45">61.78</value> <value xid="46">65.66</value> <value xid="47">65.66</value> <value xid="48">69.55</value> <value xid="49">69.55</value> <value xid="50">74.52</value> <value xid="51">74.52</value> <value xid="52">76.25</value> <value xid="53">76.25</value> <value xid="54">73.22</value> <value xid="55">73.22</value> <value xid="56">73.66</value> <value xid="57">73.66</value> <value xid="58">74.52</value> <value xid="59">74.52</value> <value xid="60">73.66</value> <value xid="61">73.66</value> <value xid="62">73.01</value> <value xid="63">73.01</value> <value xid="64">72.79</value> <value xid="65">72.79</value> <value xid="66">75.6</value> <value xid="67">75.6</value> <value xid="68">72.14</value> <value xid="69">72.14</value> <value xid="70">74.74</value> <value xid="71">74.74</value> <value xid="72">74.74</value> <value xid="73">74.74</value> <value xid="74">76.03</value> <value xid="75">76.03</value> <value xid="76">74.3</value> <value xid="77">74.3</value> <value xid="78">72.14</value> <value xid="79">72.14</value> <value xid="80">82.08</value> <value xid="81">82.08</value> <value xid="82">90.94</value> <value xid="83">90.94</value> <value xid="84">90.5</value> <value xid="85">90.5</value> <value xid="86">83.38</value> <value xid="87">83.38</value> <value xid="88">68.04</value> <value xid="89">68.04</value> <value xid="90">50.11</value> <value xid="91">50.11</value> <value xid="92">30.24</value> <value xid="93">30.24</value> <value xid="94">30.24</value> <value xid="95">30.24</value></graph><graph gid="6"> <value xid="0">27.65</value> <value xid="1">27.65</value> <value xid="2">27.22</value> <value xid="3">27.22</value> <value xid="4">28.3</value> <value xid="5">28.3</value> <value xid="6">28.73</value> <value xid="7">28.73</value> <value xid="8">30.02</value> <value xid="9">30.02</value> <value xid="10">29.16</value> <value xid="11">29.16</value> <value xid="12">27.43</value> <value xid="13">27.43</value> <value xid="14">27</value> <value xid="15">27</value> <value xid="16">27.65</value> <value xid="17">27.65</value> <value xid="18">29.38</value> <value xid="19">29.38</value> <value xid="20">29.38</value> <value xid="21">29.38</value> <value xid="22">25.92</value> <value xid="23">25.92</value> <value xid="24">27.86</value> <value xid="25">27.86</value> <value xid="26">31.54</value> <value xid="27">31.54</value> <value xid="28">47.95</value> <value xid="29">47.95</value> <value xid="30">56.59</value> <value xid="31">56.59</value> <value xid="32">62.86</value> <value xid="33">62.86</value> <value xid="34">63.07</value> <value xid="35">63.07</value> <value xid="36">67.61</value> <value xid="37">67.61</value> <value xid="38">67.61</value> <value xid="39">67.61</value> <value xid="40">71.71</value> <value xid="41">71.71</value> <value xid="42">67.61</value> <value xid="43">67.61</value> <value xid="44">71.71</value> <value xid="45">71.71</value> <value xid="46">71.28</value> <value xid="47">71.28</value> <value xid="48">74.09</value> <value xid="49">74.09</value> <value xid="50">74.74</value> <value xid="51">74.74</value> <value xid="52">76.46</value> <value xid="53">76.46</value> <value xid="54">74.3</value> <value xid="55">74.3</value> <value xid="56">73.66</value> <value xid="57">73.66</value> <value xid="58">74.95</value> <value xid="59">74.95</value> <value xid="60">74.3</value> <value xid="61">74.3</value> <value xid="62">74.74</value> <value xid="63">74.74</value> <value xid="64">75.17</value> <value xid="65">75.17</value> <value xid="66">73.87</value> <value xid="67">73.87</value> <value xid="68">74.3</value> <value xid="69">74.3</value> <value xid="70">71.06</value> <value xid="71">71.06</value> <value xid="72">74.95</value> <value xid="73">74.95</value> <value xid="74">74.52</value> <value xid="75">74.52</value> <value xid="76">73.01</value> <value xid="77">73.01</value> <value xid="78">72.14</value> <value xid="79">72.14</value> <value xid="80">81.43</value> <value xid="81">81.43</value> <value xid="82">79.92</value> <value xid="83">79.92</value> <value xid="84">80.14</value> <value xid="85">80.14</value> <value xid="86">82.3</value> <value xid="87">82.3</value> <value xid="88">69.12</value> <value xid="89">69.12</value> <value xid="90">67.82</value> <value xid="91">67.82</value> <value xid="92">37.8</value> <value xid="93">37.8</value> <value xid="94">29.38</value> <value xid="95">29.38</value></graph><graph gid="7"> <value xid="0">25.49</value> <value xid="1">25.49</value> <value xid="2">25.7</value> <value xid="3">25.7</value> <value xid="4">25.92</value> <value xid="5">25.92</value> <value xid="6">25.49</value> <value xid="7">25.49</value> <value xid="8">27.65</value> <value xid="9">27.65</value> <value xid="10">27.43</value> <value xid="11">27.43</value> <value xid="12">25.49</value> <value xid="13">25.49</value> <value xid="14">25.49</value> <value xid="15">25.49</value> <value xid="16">25.06</value> <value xid="17">25.06</value> <value xid="18">27.22</value> <value xid="19">27.22</value> <value xid="20">27.43</value> <value xid="21">27.43</value> <value xid="22">24.84</value> <value xid="23">24.84</value> <value xid="24">24.84</value> <value xid="25">24.84</value> <value xid="26">25.06</value> <value xid="27">25.06</value> <value xid="28">45.14</value> <value xid="29">45.14</value> <value xid="30">47.95</value> <value xid="31">47.95</value> <value xid="32">54.86</value> <value xid="33">54.86</value> <value xid="34">60.26</value> <value xid="35">60.26</value> <value xid="36">62.64</value> <value xid="37">62.64</value> <value xid="38">63.29</value> <value xid="39">63.29</value> <value xid="40">71.28</value> <value xid="41">71.28</value> <value xid="42">73.44</value> <value xid="43">73.44</value> <value xid="44">69.55</value> <value xid="45">69.55</value> <value xid="46">68.26</value> <value xid="47">68.26</value> <value xid="48">67.39</value> <value xid="49">67.39</value> <value xid="50">73.01</value> <value xid="51">73.01</value> <value xid="52">74.3</value> <value xid="53">74.3</value> <value xid="54">73.22</value> <value xid="55">73.22</value> <value xid="56">72.36</value> <value xid="57">72.36</value> <value xid="58">72.36</value> <value xid="59">72.36</value> <value xid="60">72.36</value> <value xid="61">72.36</value> <value xid="62">72.79</value> <value xid="63">72.79</value> <value xid="64">73.01</value> <value xid="65">73.01</value> <value xid="66">73.22</value> <value xid="67">73.22</value> <value xid="68">73.44</value> <value xid="69">73.44</value> <value xid="70">73.66</value> <value xid="71">73.66</value> <value xid="72">74.74</value> <value xid="73">74.74</value> <value xid="74">71.71</value> <value xid="75">71.71</value> <value xid="76">73.44</value> <value xid="77">73.44</value> <value xid="78">71.71</value> <value xid="79">71.71</value> <value xid="80">80.57</value> <value xid="81">80.57</value> <value xid="82">82.3</value> <value xid="83">82.3</value> <value xid="84">85.32</value> <value xid="85">85.32</value> <value xid="86">81.43</value> <value xid="87">81.43</value> <value xid="88">70.2</value> <value xid="89">70.2</value> <value xid="90">66.31</value> <value xid="91">66.31</value> <value xid="92">39.1</value> <value xid="93">39.1</value> <value xid="94">29.16</value> <value xid="95">29.16</value></graph><graph gid="8"> <value xid="0">29.81</value> <value xid="1">29.81</value> <value xid="2">30.17</value> <value xid="3">30.17</value> <value xid="4">31.41</value> <value xid="5">31.41</value> <value xid="6">30.28</value> <value xid="7">30.28</value> <value xid="8">31.79</value> <value xid="9">31.79</value> <value xid="10">32</value> <value xid="11">32</value> <value xid="12">29.9</value> <value xid="13">29.9</value> <value xid="14">28.21</value> <value xid="15">28.21</value> <value xid="16">27.81</value> <value xid="17">27.81</value> <value xid="18">31.05</value> <value xid="19">31.05</value> <value xid="20">27.88</value> <value xid="21">27.88</value> <value xid="22">29.38</value> <value xid="23">29.38</value> <value xid="24">28.91</value> <value xid="25">28.91</value> <value xid="26">37.64</value> <value xid="27">37.64</value> <value xid="28">61.74</value> <value xid="29">61.74</value> <value xid="30">52.43</value> <value xid="31">52.43</value> <value xid="32">56.57</value> <value xid="33">56.57</value> <value xid="34">54.95</value> <value xid="35">54.95</value> <value xid="36">58.28</value> <value xid="37">58.28</value> <value xid="38">62.73</value> <value xid="39">62.73</value> <value xid="40">59.9</value> <value xid="41">59.9</value> <value xid="42">67.73</value> <value xid="43">67.73</value> <value xid="44">70.6</value> <value xid="45">70.6</value> <value xid="46">75.24</value> <value xid="47">75.24</value> <value xid="48">71.96</value> <value xid="49">71.96</value> <value xid="50">76.81</value> <value xid="51">76.81</value> <value xid="52">74.2</value> <value xid="53">74.2</value> <value xid="54">75.2</value> <value xid="55">75.2</value> <value xid="56">75.11</value> <value xid="57">75.11</value> <value xid="58">75.51</value> <value xid="59">75.51</value> <value xid="60">74.92</value> <value xid="61">74.92</value> <value xid="62">77.45</value> <value xid="63">77.45</value> <value xid="64">74.3</value> <value xid="65">74.3</value> <value xid="66">75.2</value> <value xid="67">75.2</value> <value xid="68">72.74</value> <value xid="69">72.74</value> <value xid="70">76.7</value> <value xid="71">76.7</value> <value xid="72">74.95</value> <value xid="73">74.95</value> <value xid="74">87.64</value> <value xid="75">87.64</value> <value xid="76">92.3</value> <value xid="77">92.3</value> <value xid="78">88.76</value> <value xid="79">88.76</value> <value xid="80">91.75</value> <value xid="81">91.75</value> <value xid="82">89.12</value> <value xid="83">89.12</value> <value xid="84">83.25</value> <value xid="85">83.25</value> <value xid="86">78.23</value> <value xid="87">78.23</value> <value xid="88">70.74</value> <value xid="89">70.74</value> <value xid="90">68.74</value> <value xid="91">68.74</value> <value xid="92">40.12</value> <value xid="93">40.12</value> <value xid="94">29.21</value> <value xid="95">29.21</value></graph><graph gid="9"> <value xid="0">28.51</value> <value xid="1">28.51</value> <value xid="2">27.22</value> <value xid="3">27.22</value> <value xid="4">29.38</value> <value xid="5">29.38</value> <value xid="6">28.08</value> <value xid="7">28.08</value> <value xid="8">31.32</value> <value xid="9">31.32</value> <value xid="10">29.38</value> <value xid="11">29.38</value> <value xid="12">27.86</value> <value xid="13">27.86</value> <value xid="14">27.86</value> <value xid="15">27.86</value> <value xid="16">27</value> <value xid="17">27</value> <value xid="18">28.94</value> <value xid="19">28.94</value> <value xid="20">29.38</value> <value xid="21">29.38</value> <value xid="22">23.76</value> <value xid="23">23.76</value> <value xid="24">27.43</value> <value xid="25">27.43</value> <value xid="26">31.54</value> <value xid="27">31.54</value> <value xid="28">47.09</value> <value xid="29">47.09</value> <value xid="30">43.85</value> <value xid="31">43.85</value> <value xid="32">50.76</value> <value xid="33">50.76</value> <value xid="34">56.16</value> <value xid="35">56.16</value> <value xid="36">57.02</value> <value xid="37">57.02</value> <value xid="38">56.81</value> <value xid="39">56.81</value> <value xid="40">67.18</value> <value xid="41">67.18</value> <value xid="42">72.58</value> <value xid="43">72.58</value> <value xid="44">69.98</value> <value xid="45">69.98</value> <value xid="46">69.34</value> <value xid="47">69.34</value> <value xid="48">69.77</value> <value xid="49">69.77</value> <value xid="50">73.01</value> <value xid="51">73.01</value> <value xid="52">75.82</value> <value xid="53">75.82</value> <value xid="54">72.58</value> <value xid="55">72.58</value> <value xid="56">72.58</value> <value xid="57">72.58</value> <value xid="58">74.09</value> <value xid="59">74.09</value> <value xid="60">75.38</value> <value xid="61">75.38</value> <value xid="62">74.52</value> <value xid="63">74.52</value> <value xid="64">75.6</value> <value xid="65">75.6</value> <value xid="66">71.06</value> <value xid="67">71.06</value> <value xid="68">72.36</value> <value xid="69">72.36</value> <value xid="70">73.87</value> <value xid="71">73.87</value> <value xid="72">72.14</value> <value xid="73">72.14</value> <value xid="74">74.95</value> <value xid="75">74.95</value> <value xid="76">70.42</value> <value xid="77">70.42</value> <value xid="78">72.58</value> <value xid="79">72.58</value> <value xid="80">70.42</value> <value xid="81">70.42</value> <value xid="82">81</value> <value xid="83">81</value> <value xid="84">77.54</value> <value xid="85">77.54</value> <value xid="86">77.33</value> <value xid="87">77.33</value> <value xid="88">69.34</value> <value xid="89">69.34</value> <value xid="90">67.18</value> <value xid="91">67.18</value> <value xid="92">38.02</value> <value xid="93">38.02</value> <value xid="94">29.59</value> <value xid="95">29.59</value></graph></graphs></chart>