<chart><series><value xid="0">Aug-11</value><value xid="1">Sep-11</value><value xid="2">Oct-11</value><value xid="3">Nov-11</value><value xid="4">Dec-11</value><value xid="5">Jan-12</value><value xid="6">Feb-12</value><value xid="7">Mar-12</value><value xid="8">Apr-12</value><value xid="9">May-12</value><value xid="10">Jun-12</value><value xid="11">Jul-12</value></series><graphs><graph gid="0"><value xid="0">38292</value><value xid="1">32580</value><value xid="2">30210</value><value xid="3">30412</value><value xid="4">32115</value><value xid="5">31274</value><value xid="6">28700</value><value xid="7">31548</value><value xid="8">28524</value><value xid="9">33621</value><value xid="10">35457</value><value xid="11">39043</value></graph> <graph gid="1"><value xid="0">94.75</value><value xid="1">96.03</value><value xid="2">78.35</value><value xid="3">70.2</value><value xid="4">68.47</value><value xid="5">68.47</value><value xid="6">69.12</value><value xid="7">84.89</value><value xid="8">72.58</value><value xid="9">87.26</value><value xid="10">84.24</value><value xid="11">94.82</value></graph> </graphs></chart>