<chart><series><value xid="0">0:15</value><value xid="1">0:30</value><value xid="2">0:45</value><value xid="3">1:00</value><value xid="4">1:15</value><value xid="5">1:30</value><value xid="6">1:45</value><value xid="7">2:00</value><value xid="8">2:15</value><value xid="9">2:30</value><value xid="10">2:45</value><value xid="11">3:00</value><value xid="12">3:15</value><value xid="13">3:30</value><value xid="14">3:45</value><value xid="15">4:00</value><value xid="16">4:15</value><value xid="17">4:30</value><value xid="18">4:45</value><value xid="19">5:00</value><value xid="20">5:15</value><value xid="21">5:30</value><value xid="22">5:45</value><value xid="23">6:00</value><value xid="24">6:15</value><value xid="25">6:30</value><value xid="26">6:45</value><value xid="27">7:00</value><value xid="28">7:15</value><value xid="29">7:30</value><value xid="30">7:45</value><value xid="31">8:00</value><value xid="32">8:15</value><value xid="33">8:30</value><value xid="34">8:45</value><value xid="35">9:00</value><value xid="36">9:15</value><value xid="37">9:30</value><value xid="38">9:45</value><value xid="39">10:00</value><value xid="40">10:15</value><value xid="41">10:30</value><value xid="42">10:45</value><value xid="43">11:00</value><value xid="44">11:15</value><value xid="45">11:30</value><value xid="46">11:45</value><value xid="47">12:00</value><value xid="48">12:15</value><value xid="49">12:30</value><value xid="50">12:45</value><value xid="51">13:00</value><value xid="52">13:15</value><value xid="53">13:30</value><value xid="54">13:45</value><value xid="55">14:00</value><value xid="56">14:15</value><value xid="57">14:30</value><value xid="58">14:45</value><value xid="59">15:00</value><value xid="60">15:15</value><value xid="61">15:30</value><value xid="62">15:45</value><value xid="63">16:00</value><value xid="64">16:15</value><value xid="65">16:30</value><value xid="66">16:45</value><value xid="67">17:00</value><value xid="68">17:15</value><value xid="69">17:30</value><value xid="70">17:45</value><value xid="71">18:00</value><value xid="72">18:15</value><value xid="73">18:30</value><value xid="74">18:45</value><value xid="75">19:00</value><value xid="76">19:15</value><value xid="77">19:30</value><value xid="78">19:45</value><value xid="79">20:00</value><value xid="80">20:15</value><value xid="81">20:30</value><value xid="82">20:45</value><value xid="83">21:00</value><value xid="84">21:15</value><value xid="85">21:30</value><value xid="86">21:45</value><value xid="87">22:00</value><value xid="88">22:15</value><value xid="89">22:30</value><value xid="90">22:45</value><value xid="91">23:00</value><value xid="92">23:15</value><value xid="93">23:30</value><value xid="94">23:45</value><value xid="95">0:00</value></series><graphs><graph gid="0"> <value xid="0">26.65</value> <value xid="1">26.65</value> <value xid="2">26.18</value> <value xid="3">26.18</value> <value xid="4">25.63</value> <value xid="5">25.63</value> <value xid="6">25.7</value> <value xid="7">25.7</value> <value xid="8">27.47</value> <value xid="9">27.47</value> <value xid="10">26.41</value> <value xid="11">26.41</value> <value xid="12">24.76</value> <value xid="13">24.76</value> <value xid="14">24.48</value> <value xid="15">24.48</value> <value xid="16">24.35</value> <value xid="17">24.35</value> <value xid="18">26.23</value> <value xid="19">26.23</value> <value xid="20">24.88</value> <value xid="21">24.88</value> <value xid="22">23.29</value> <value xid="23">23.29</value> <value xid="24">24.29</value> <value xid="25">24.29</value> <value xid="26">28.17</value> <value xid="27">28.17</value> <value xid="28">45.05</value> <value xid="29">45.05</value> <value xid="30">46.52</value> <value xid="31">46.52</value> <value xid="32">51.78</value> <value xid="33">51.78</value> <value xid="34">54.71</value> <value xid="35">54.71</value> <value xid="36">56.45</value> <value xid="37">56.45</value> <value xid="38">58.04</value> <value xid="39">58.04</value> <value xid="40">60.74</value> <value xid="41">60.74</value> <value xid="42">61.32</value> <value xid="43">61.32</value> <value xid="44">60.92</value> <value xid="45">60.92</value> <value xid="46">63.53</value> <value xid="47">63.53</value> <value xid="48">64.16</value> <value xid="49">64.16</value> <value xid="50">66.21</value> <value xid="51">66.21</value> <value xid="52">67.39</value> <value xid="53">67.39</value> <value xid="54">66.06</value> <value xid="55">66.06</value> <value xid="56">66.89</value> <value xid="57">66.89</value> <value xid="58">66.72</value> <value xid="59">66.72</value> <value xid="60">67.25</value> <value xid="61">67.25</value> <value xid="62">67.59</value> <value xid="63">67.59</value> <value xid="64">67.59</value> <value xid="65">67.59</value> <value xid="66">67.08</value> <value xid="67">67.08</value> <value xid="68">66.07</value> <value xid="69">66.07</value> <value xid="70">67.5</value> <value xid="71">67.5</value> <value xid="72">68.35</value> <value xid="73">68.35</value> <value xid="74">68.49</value> <value xid="75">68.49</value> <value xid="76">69.01</value> <value xid="77">69.01</value> <value xid="78">70.93</value> <value xid="79">70.93</value> <value xid="80">75.17</value> <value xid="81">75.17</value> <value xid="82">79.25</value> <value xid="83">79.25</value> <value xid="84">77.86</value> <value xid="85">77.86</value> <value xid="86">75.37</value> <value xid="87">75.37</value> <value xid="88">67.39</value> <value xid="89">67.39</value> <value xid="90">54.13</value> <value xid="91">54.13</value> <value xid="92">32.92</value> <value xid="93">32.92</value> <value xid="94">27.96</value> <value xid="95">27.96</value></graph><graph gid="1"> <value xid="0">20.52</value> <value xid="1">20.51</value> <value xid="2">20.03</value> <value xid="3">20.03</value> <value xid="4">20.2</value> <value xid="5">20.2</value> <value xid="6">19.72</value> <value xid="7">19.72</value> <value xid="8">21.01</value> <value xid="9">21.01</value> <value xid="10">20</value> <value xid="11">20</value> <value xid="12">18.73</value> <value xid="13">18.73</value> <value xid="14">18.92</value> <value xid="15">18.92</value> <value xid="16">18.51</value> <value xid="17">18.51</value> <value xid="18">19.93</value> <value xid="19">19.93</value> <value xid="20">19.41</value> <value xid="21">19.41</value> <value xid="22">19.4</value> <value xid="23">19.4</value> <value xid="24">19.87</value> <value xid="25">19.87</value> <value xid="26">22.76</value> <value xid="27">22.76</value> <value xid="28">47.81</value> <value xid="29">47.81</value> <value xid="30">45.09</value> <value xid="31">45.09</value> <value xid="32">46.51</value> <value xid="33">46.51</value> <value xid="34">45.88</value> <value xid="35">45.88</value> <value xid="36">46.06</value> <value xid="37">46.06</value> <value xid="38">46.22</value> <value xid="39">46.22</value> <value xid="40">47.8</value> <value xid="41">47.8</value> <value xid="42">47.86</value> <value xid="43">47.86</value> <value xid="44">46.81</value> <value xid="45">46.81</value> <value xid="46">48.41</value> <value xid="47">48.41</value> <value xid="48">48.73</value> <value xid="49">48.73</value> <value xid="50">51.06</value> <value xid="51">51.06</value> <value xid="52">50.69</value> <value xid="53">50.69</value> <value xid="54">50.24</value> <value xid="55">50.24</value> <value xid="56">51.31</value> <value xid="57">51.31</value> <value xid="58">51.9</value> <value xid="59">51.9</value> <value xid="60">52.59</value> <value xid="61">52.59</value> <value xid="62">53.24</value> <value xid="63">53.24</value> <value xid="64">54.23</value> <value xid="65">54.23</value> <value xid="66">55.24</value> <value xid="67">55.24</value> <value xid="68">55.27</value> <value xid="69">55.27</value> <value xid="70">57.91</value> <value xid="71">57.91</value> <value xid="72">60.89</value> <value xid="73">60.89</value> <value xid="74">62.4</value> <value xid="75">62.4</value> <value xid="76">63.84</value> <value xid="77">63.84</value> <value xid="78">65.53</value> <value xid="79">65.53</value> <value xid="80">67.02</value> <value xid="81">67.02</value> <value xid="82">68.56</value> <value xid="83">68.56</value> <value xid="84">67.45</value> <value xid="85">67.45</value> <value xid="86">66.49</value> <value xid="87">66.49</value> <value xid="88">62.49</value> <value xid="89">62.49</value> <value xid="90">56.9</value> <value xid="91">56.9</value> <value xid="92">30.69</value> <value xid="93">30.69</value> <value xid="94">21.68</value> <value xid="95">21.68</value></graph><graph gid="2"> <value xid="0">21.55</value> <value xid="1">21.55</value> <value xid="2">19.2</value> <value xid="3">19.2</value> <value xid="4">21.09</value> <value xid="5">21.09</value> <value xid="6">19.77</value> <value xid="7">19.77</value> <value xid="8">18.16</value> <value xid="9">18.16</value> <value xid="10">17.92</value> <value xid="11">17.92</value> <value xid="12">17.95</value> <value xid="13">17.95</value> <value xid="14">20.31</value> <value xid="15">20.31</value> <value xid="16">18.72</value> <value xid="17">18.72</value> <value xid="18">19.46</value> <value xid="19">19.46</value> <value xid="20">19.92</value> <value xid="21">19.92</value> <value xid="22">21.89</value> <value xid="23">21.89</value> <value xid="24">22.65</value> <value xid="25">22.65</value> <value xid="26">22.24</value> <value xid="27">22.24</value> <value xid="28">54.14</value> <value xid="29">54.14</value> <value xid="30">52.51</value> <value xid="31">52.51</value> <value xid="32">49.79</value> <value xid="33">49.79</value> <value xid="34">47.11</value> <value xid="35">47.11</value> <value xid="36">48.23</value> <value xid="37">48.23</value> <value xid="38">46.82</value> <value xid="39">46.82</value> <value xid="40">43.13</value> <value xid="41">43.13</value> <value xid="42">44.37</value> <value xid="43">44.37</value> <value xid="44">44.1</value> <value xid="45">44.1</value> <value xid="46">46.59</value> <value xid="47">46.59</value> <value xid="48">45.77</value> <value xid="49">45.77</value> <value xid="50">45.63</value> <value xid="51">45.63</value> <value xid="52">46.63</value> <value xid="53">46.63</value> <value xid="54">46.63</value> <value xid="55">46.63</value> <value xid="56">46.66</value> <value xid="57">46.66</value> <value xid="58">48.43</value> <value xid="59">48.43</value> <value xid="60">50.04</value> <value xid="61">50.04</value> <value xid="62">54.11</value> <value xid="63">54.11</value> <value xid="64">57.81</value> <value xid="65">57.81</value> <value xid="66">61.8</value> <value xid="67">61.8</value> <value xid="68">65.15</value> <value xid="69">65.15</value> <value xid="70">64.47</value> <value xid="71">64.47</value> <value xid="72">62.68</value> <value xid="73">62.68</value> <value xid="74">62.57</value> <value xid="75">62.57</value> <value xid="76">62.42</value> <value xid="77">62.42</value> <value xid="78">64.32</value> <value xid="79">64.32</value> <value xid="80">63.97</value> <value xid="81">63.97</value> <value xid="82">62.92</value> <value xid="83">62.92</value> <value xid="84">61.45</value> <value xid="85">61.45</value> <value xid="86">61.67</value> <value xid="87">61.67</value> <value xid="88">58.11</value> <value xid="89">58.11</value> <value xid="90">56.66</value> <value xid="91">56.66</value> <value xid="92">36</value> <value xid="93">36</value> <value xid="94">23.67</value> <value xid="95">23.67</value></graph></graphs></chart>