Date,Unit,00:15,00:30,00:45,01:00,01:15,01:30,01:45,02:00,02:15,02:30,02:45,03:00,03:15,03:30,03:45,04:00,04:15,04:30,04:45,05:00,05:15,05:30,05:45,06:00,06:15,06:30,06:45,07:00,07:15,07:30,07:45,08:00,08:15,08:30,08:45,09:00,09:15,09:30,09:45,10:00,10:15,10:30,10:45,11:00,11:15,11:30,11:45,12:00,12:15,12:30,12:45,13:00,13:15,13:30,13:45,14:00,14:15,14:30,14:45,15:00,15:15,15:30,15:45,16:00,16:15,16:30,16:45,17:00,17:15,17:30,17:45,18:00,18:15,18:30,18:45,19:00,19:15,19:30,19:45,20:00,20:15,20:30,20:45,21:00,21:15,21:30,21:45,22:00,22:15,22:30,22:45,23:00,23:15,23:30,23:45,24:00
08/01/2011,KW,27.252,27.252,27.432,27.432,27,27,27.702,27.702,29.7,29.7,28.962,28.962,27.072,27.072,26.892,26.892,27.576,27.576,28.854,28.854,26.046,26.046,27.18,27.18,26.424,26.424,34.938,34.938,58.122,58.122,60.858,60.858,61.596,61.596,64.656,64.656,65.592,65.592,70.308,70.308,73.656,73.656,70.452,70.452,69.714,69.714,73.746,73.746,74.034,74.034,73.53,73.53,71.838,71.838,74.286,74.286,74.322,74.322,75.438,75.438,75.456,75.456,75.96,75.96,75.582,75.582,76.842,76.842,70.65,70.65,76.248,76.248,77.166,77.166,77.292,77.292,82.926,82.926,93.006,93.006,93.186,93.186,91.548,91.548,91.782,91.782,90.378,90.378,69.786,69.786,69.318,69.318,61.92,61.92,31.734,31.734
08/02/2011,KW,30.006,30.006,30.6,30.6,29.826,29.826,29.826,29.826,33.192,33.192,31.23,31.23,29.232,29.232,29.394,29.394,30.636,30.636,30.762,30.762,27.54,27.54,24.606,24.606,28.296,28.296,37.89,37.89,56.826,56.826,53.712,53.712,60.444,60.444,62.1,62.1,64.728,64.728,71.226,71.226,73.836,73.836,71.154,71.154,64.836,64.836,72.45,72.45,74.358,74.358,71.91,71.91,73.368,73.368,74.952,74.952,76.5,76.5,76.482,76.482,76.626,76.626,79.47,79.47,77.004,77.004,74.304,74.304,74.232,74.232,87.264,87.264,94.752,94.752,88.488,88.488,87.228,87.228,86.058,86.058,80.136,80.136,83.664,83.664,86.49,86.49,84.87,84.87,69.156,69.156,65.916,65.916,34.434,34.434,28.638,28.638
08/03/2011,KW,28.944,28.944,28.422,28.422,29.178,29.178,29.034,29.034,30.114,30.114,30.24,30.24,29.502,29.502,28.53,28.53,28.224,28.224,30.456,30.456,27.036,27.036,26.91,26.91,26.514,26.514,30.258,30.258,50.202,50.202,57.33,57.33,63.45,63.45,55.152,55.152,58.536,58.536,62.964,62.964,64.278,64.278,68.472,68.472,63.918,63.918,66.744,66.744,67.878,67.878,72.612,72.612,70.218,70.218,74.592,74.592,73.368,73.368,73.134,73.134,70.416,70.416,69.282,69.282,72.468,72.468,69.03,69.03,69.534,69.534,71.478,71.478,74.628,74.628,72.45,72.45,68.238,68.238,88.146,88.146,80.784,80.784,80.712,80.712,74.79,74.79,73.44,73.44,68.472,68.472,55.116,55.116,29.07,29.07,27.684,27.684
08/04/2011,KW,28.044,28.044,28.62,28.62,25.506,25.506,26.802,26.802,30.618,30.618,28.404,28.404,27.63,27.63,25.38,25.38,26.946,26.946,26.406,26.406,24.354,24.354,25.542,25.542,25.164,25.164,28.944,28.944,45.45,45.45,45.252,45.252,49.536,49.536,56.034,56.034,62.064,62.064,60.642,60.642,65.988,65.988,60.75,60.75,57.492,57.492,65.124,65.124,66.366,66.366,69.84,69.84,70.308,70.308,67.572,67.572,66.852,66.852,68.796,68.796,67.482,67.482,67.608,67.608,69.228,69.228,70.668,70.668,68.112,68.112,68.67,68.67,69.624,69.624,70.812,70.812,82.26,82.26,82.35,82.35,78.12,78.12,80.1,80.1,79.2,79.2,79.866,79.866,70.488,70.488,61.686,61.686,31.41,31.41,27.558,27.558
08/05/2011,KW,26.388,26.388,25.668,25.668,25.884,25.884,29.844,29.844,27.432,27.432,27.216,27.216,26.658,26.658,25.56,25.56,25.092,25.092,27.936,27.936,23.058,23.058,25.632,25.632,25.164,25.164,24.984,24.984,36.144,36.144,39.654,39.654,61.452,61.452,65.232,65.232,61.29,61.29,58.446,58.446,54.54,54.54,61.686,61.686,66.726,66.726,72.162,72.162,63.846,63.846,64.854,64.854,67.788,67.788,68.526,68.526,70.434,70.434,67.428,67.428,68.958,68.958,67.914,67.914,73.026,73.026,72.162,72.162,66.582,66.582,68.634,68.634,63.576,63.576,73.44,73.44,84.942,84.942,80.928,80.928,78.048,78.048,81.09,81.09,80.892,80.892,82.872,82.872,68.796,68.796,64.116,64.116,34.578,34.578,28.872,28.872
08/06/2011,KW,29.484,29.484,27.252,27.252,29.79,29.79,25.848,25.848,28.908,28.908,29.772,29.772,28.782,28.782,27.954,27.954,25.038,25.038,29.448,29.448,24.3,24.3,26.892,26.892,27.288,27.288,30.006,30.006,25.146,25.146,25.524,25.524,45.468,45.468,55.98,55.98,58.698,58.698,59.796,59.796,63.09,63.09,58.374,58.374,60.228,60.228,69.606,69.606,71.37,71.37,73.8,73.8,72.864,72.864,71.856,71.856,70.344,70.344,74.988,74.988,74.412,74.412,74.052,74.052,72.81,72.81,69.624,69.624,68.274,68.274,74.538,74.538,72.198,72.198,70.146,70.146,73.476,73.476,85.122,85.122,78.642,78.642,80.496,80.496,80.586,80.586,74.286,74.286,64.62,64.62,62.37,62.37,30.942,30.942,26.622,26.622
08/07/2011,KW,26.532,26.532,26.19,26.19,26.082,26.082,27.378,27.378,28.476,28.476,27.072,27.072,22.932,22.932,24.822,24.822,24.822,24.822,26.226,26.226,23.112,23.112,25.074,25.074,24.354,24.354,30.942,30.942,30.33,30.33,37.368,37.368,61.956,61.956,52.362,52.362,70.092,70.092,60.552,60.552,59.598,59.598,53.982,53.982,54.828,54.828,56.844,56.844,59.526,59.526,69.876,69.876,72.828,72.828,71.478,71.478,73.044,73.044,73.512,73.512,72.72,72.72,72.45,72.45,85.86,85.86,86.094,86.094,62.118,62.118,59.544,59.544,57.942,57.942,74.592,74.592,76.554,76.554,76.428,76.428,75.258,75.258,75.888,75.888,73.152,73.152,72.432,72.432,61.866,61.866,31.464,31.464,25.236,25.236,26.766,26.766
08/08/2011,KW,24.498,24.498,23.688,23.688,26.316,26.316,27.306,27.306,27.882,27.882,25.164,25.164,23.472,23.472,24.336,24.336,24.246,24.246,25.668,25.668,22.14,22.14,18.432,18.432,16.542,16.542,23.346,23.346,43.038,43.038,50.958,50.958,57.762,57.762,64.494,64.494,54.396,54.396,54.378,54.378,64.188,64.188,64.548,64.548,66.744,66.744,66.942,66.942,62.532,62.532,67.5,67.5,68.256,68.256,66.078,66.078,68.544,68.544,67.158,67.158,68.562,68.562,79.29,79.29,80.1,80.1,78.786,78.786,77.274,77.274,81.054,81.054,78.372,78.372,78.966,78.966,74.034,74.034,74.412,74.412,73.908,73.908,77.562,77.562,74.862,74.862,76.716,76.716,69.75,69.75,53.37,53.37,25.614,25.614,26.208,26.208
08/09/2011,KW,24.372,24.372,27.054,27.054,25.902,25.902,24.606,24.606,26.964,26.964,24.552,24.552,24.426,24.426,24.03,24.03,23.364,23.364,25.182,25.182,21.96,21.96,21.168,21.168,22.158,22.158,24.858,24.858,38.862,38.862,40.644,40.644,57.438,57.438,65.07,65.07,56.214,56.214,56.592,56.592,61.2,61.2,62.892,62.892,61.146,61.146,66.204,66.204,66.618,66.618,63.504,63.504,65.826,65.826,63.666,63.666,65.232,65.232,63.738,63.738,62.892,62.892,64.26,64.26,61.866,61.866,62.514,62.514,64.116,64.116,65.628,65.628,61.452,61.452,65.628,65.628,66.906,66.906,79.614,79.614,75.168,75.168,78.246,78.246,75.744,75.744,74.808,74.808,68.238,68.238,49.212,49.212,25.776,25.776,27.234,27.234
08/10/2011,KW,26.442,26.442,24.138,24.138,22.212,22.212,20.232,20.232,21.906,21.906,19.278,19.278,19.17,19.17,26.046,26.046,21.78,21.78,26.694,26.694,22.968,22.968,23.454,23.454,22.986,22.986,25.488,25.488,42.408,42.408,42.21,42.21,49.896,49.896,50.292,50.292,51.66,51.66,52.83,52.83,56.502,56.502,55.782,55.782,51.876,51.876,54.342,54.342,59.04,59.04,62.442,62.442,63.936,63.936,57.618,57.618,61.902,61.902,61.434,61.434,62.028,62.028,66.924,66.924,64.35,64.35,61.272,61.272,58.32,58.32,62.424,62.424,65.52,65.52,60.768,60.768,58.122,58.122,77.004,77.004,76.068,76.068,73.638,73.638,72.414,72.414,72.954,72.954,60.822,60.822,28.908,28.908,25.38,25.38,26.424,26.424
08/11/2011,KW,22.158,22.158,22.662,22.662,20.952,20.952,23.688,23.688,25.038,25.038,24.066,24.066,21.06,21.06,22.734,22.734,22.068,22.068,21.528,21.528,20.88,20.88,21.42,21.42,16.884,16.884,23.022,23.022,38.844,38.844,44.244,44.244,46.53,46.53,55.422,55.422,51.21,51.21,51.084,51.084,55.134,55.134,58.284,58.284,55.35,55.35,60.156,60.156,64.926,64.926,61.884,61.884,63.396,63.396,63.054,63.054,63.396,63.396,67.122,67.122,68.652,68.652,65.844,65.844,67.5,67.5,65.718,65.718,64.872,64.872,64.656,64.656,65.322,65.322,66.024,66.024,62.91,62.91,77.418,77.418,76.536,76.536,76.176,76.176,74.448,74.448,73.764,73.764,68.454,68.454,44.658,44.658,23.184,23.184,27.09,27.09
08/12/2011,KW,24.93,24.93,24.156,24.156,25.146,25.146,24.39,24.39,26.1,26.1,25.254,25.254,22.986,22.986,23.166,23.166,23.382,23.382,22.158,22.158,21.888,21.888,22.842,22.842,23.004,23.004,26.478,26.478,38.826,38.826,39.816,39.816,52.956,52.956,55.962,55.962,52.344,52.344,52.722,52.722,56.736,56.736,61.47,61.47,57.924,57.924,60.426,60.426,58.446,58.446,64.998,64.998,65.142,65.142,67.446,67.446,64.89,64.89,64.278,64.278,66.186,66.186,62.856,62.856,63.27,63.27,65.376,65.376,64.53,64.53,65.268,65.268,71.478,71.478,84.222,84.222,80.964,80.964,79.812,79.812,78.588,78.588,78.336,78.336,77.814,77.814,74.034,74.034,68.544,68.544,52.542,52.542,25.884,25.884,24.948,24.948
08/13/2011,KW,26.676,26.676,25.434,25.434,26.208,26.208,26.298,26.298,26.19,26.19,26.892,26.892,26.064,26.064,23.598,23.598,25.038,25.038,26.1,26.1,23.112,23.112,25.146,25.146,23.742,23.742,23.526,23.526,29.988,29.988,33.858,33.858,50.274,50.274,49.914,49.914,52.128,52.128,59.742,59.742,61.344,61.344,65.808,65.808,65.196,65.196,64.656,64.656,66.042,66.042,75.564,75.564,82.152,82.152,72.45,72.45,66.798,66.798,53.946,53.946,55.35,55.35,57.078,57.078,58.842,58.842,56.754,56.754,59.724,59.724,58.14,58.14,58.464,58.464,58.572,58.572,72.684,72.684,74.934,74.934,72.666,72.666,70.956,70.956,70.02,70.02,73.494,73.494,58.986,58.986,28.332,28.332,25.02,25.02,26.892,26.892
08/14/2011,KW,24.552,24.552,23.508,23.508,22.626,22.626,23.49,23.49,25.254,25.254,24.12,24.12,23.256,23.256,20.07,20.07,18.036,18.036,20.052,20.052,17.478,17.478,18.504,18.504,25.164,25.164,23.004,23.004,24.984,24.984,28.62,28.62,44.748,44.748,46.278,46.278,47.574,47.574,48.978,48.978,53.406,53.406,53.514,53.514,51.894,51.894,53.676,53.676,52.254,52.254,52.524,52.524,54.234,54.234,60.12,60.12,58.158,58.158,60.444,60.444,61.704,61.704,62.766,62.766,61.092,61.092,57.15,57.15,59.166,59.166,57.582,57.582,60.984,60.984,61.542,61.542,59.652,59.652,73.26,73.26,73.728,73.728,73.008,73.008,68.778,68.778,70.794,70.794,66.69,66.69,66.492,66.492,37.476,37.476,28.152,28.152
08/15/2011,KW,24.588,24.588,25.218,25.218,23.994,23.994,25.47,25.47,26.388,26.388,25.848,25.848,23.814,23.814,23.616,23.616,24.318,24.318,25.578,25.578,22.68,22.68,23.832,23.832,22.842,22.842,26.568,26.568,44.928,44.928,43.902,43.902,44.892,44.892,55.116,55.116,56.412,56.412,51.192,51.192,55.35,55.35,56.394,56.394,53.082,53.082,62.964,62.964,60.732,60.732,64.872,64.872,62.55,62.55,66.744,66.744,69.228,69.228,64.944,64.944,65.394,65.394,68.004,68.004,67.644,67.644,64.314,64.314,61.668,61.668,63.144,63.144,67.068,67.068,64.368,64.368,70.47,70.47,77.742,77.742,75.33,75.33,76.374,76.374,74.412,74.412,75.438,75.438,68.274,68.274,51.21,51.21,26.928,26.928,25.992,25.992
08/16/2011,KW,24.408,24.408,23.94,23.94,25.344,25.344,25.02,25.02,26.37,26.37,25.416,25.416,24.606,24.606,22.536,22.536,23.094,23.094,24.516,24.516,21.258,21.258,18.09,18.09,20.376,20.376,23.004,23.004,40.626,40.626,40.104,40.104,49.338,49.338,50.4,50.4,56.502,56.502,64.242,64.242,57.312,57.312,56.448,56.448,58.23,58.23,63.648,63.648,69.192,69.192,65.376,65.376,64.746,64.746,65.466,65.466,65.142,65.142,69.462,69.462,70.416,70.416,67.104,67.104,66.726,66.726,65.538,65.538,66.402,66.402,69.048,69.048,66.798,66.798,64.872,64.872,68.958,68.958,78.822,78.822,81.828,81.828,80.766,80.766,74.718,74.718,71.892,71.892,68.364,68.364,49.77,49.77,26.388,26.388,28.458,28.458
08/17/2011,KW,26.46,26.46,24.984,24.984,23.778,23.778,24.192,24.192,26.028,26.028,24.912,24.912,23.706,23.706,23.436,23.436,23.22,23.22,25.056,25.056,22.266,22.266,22.716,22.716,24.282,24.282,25.416,25.416,43.542,43.542,44.91,44.91,50.256,50.256,57.15,57.15,58.122,58.122,56.898,56.898,60.696,60.696,62.298,62.298,63.162,63.162,62.784,62.784,68.292,68.292,68.49,68.49,68.94,68.94,66.438,66.438,71.37,71.37,71.694,71.694,71.388,71.388,67.464,67.464,73.98,73.98,73.872,73.872,68.976,68.976,70.632,70.632,71.388,71.388,70.578,70.578,79.002,79.002,79.47,79.47,84.186,84.186,84.222,84.222,82.944,82.944,78.318,78.318,60.462,60.462,31.248,31.248,29.358,29.358,29.034,29.034
08/18/2011,KW,25.02,25.02,28.08,28.08,28.242,28.242,27,27,28.998,28.998,28.458,28.458,25.506,25.506,25.38,25.38,24.012,24.012,26.424,26.424,23.562,23.562,24.066,24.066,23.85,23.85,27.108,27.108,47.268,47.268,43.578,43.578,53.262,53.262,56.322,56.322,55.854,55.854,59.904,59.904,60.192,60.192,57.168,57.168,59.418,59.418,68.868,68.868,65.754,65.754,66.672,66.672,64.89,64.89,68.076,68.076,66.96,66.96,72,72,70.146,70.146,68.058,68.058,64.962,64.962,67.968,67.968,66.888,66.888,68.418,68.418,70.02,70.02,67.86,67.86,67.05,67.05,76.446,76.446,78.372,78.372,80.658,80.658,75.708,75.708,69.498,69.498,66.528,66.528,43.506,43.506,22.788,22.788,24.336,24.336
08/19/2011,KW,25.974,25.974,25.218,25.218,24.336,24.336,25.47,25.47,25.794,25.794,24.894,24.894,25.344,25.344,23.112,23.112,24.012,24.012,24.462,24.462,22.644,22.644,23.922,23.922,23.076,23.076,25.704,25.704,45.846,45.846,44.118,44.118,46.566,46.566,55.746,55.746,56.61,56.61,56.934,56.934,57.258,57.258,57.492,57.492,60.714,60.714,70.596,70.596,72.9,72.9,72.378,72.378,69.318,69.318,68.994,68.994,73.476,73.476,71.19,71.19,71.478,71.478,73.512,73.512,72.702,72.702,72.396,72.396,71.55,71.55,74.898,74.898,75.15,75.15,71.154,71.154,80.406,80.406,79.92,79.92,78.138,78.138,84.96,84.96,80.604,80.604,78.246,78.246,69.228,69.228,65.772,65.772,38.286,38.286,28.116,28.116
08/20/2011,KW,27.198,27.198,25.182,25.182,27.396,27.396,27.81,27.81,30.6,30.6,27.342,27.342,24.732,24.732,26.838,26.838,25.56,25.56,26.37,26.37,23.67,23.67,27.036,27.036,23.382,23.382,28.242,28.242,21.618,21.618,25.722,25.722,41.652,41.652,63.018,63.018,73.602,73.602,78.192,78.192,78.534,78.534,74.232,74.232,66.672,66.672,60.84,60.84,53.55,53.55,55.746,55.746,51.588,51.588,58.392,58.392,59.022,59.022,61.326,61.326,61.596,61.596,60.462,60.462,64.872,64.872,63.81,63.81,58.176,58.176,59.94,59.94,65.556,65.556,80.28,80.28,74.502,74.502,72.702,72.702,76.068,76.068,76.374,76.374,71.676,71.676,71.64,71.64,65.538,65.538,64.242,64.242,32.148,32.148,25.2,25.2
08/21/2011,KW,23.04,23.04,22.968,22.968,23.616,23.616,25.29,25.29,27.018,27.018,25.146,25.146,22.644,22.644,23.94,23.94,23.148,23.148,24.174,24.174,21.852,21.852,23.31,23.31,22.554,22.554,22.104,22.104,24.3,24.3,27.54,27.54,38.358,38.358,36.45,36.45,59.526,59.526,57.492,57.492,55.62,55.62,62.946,62.946,57.744,57.744,60.246,60.246,62.694,62.694,60.516,60.516,59.328,59.328,59.526,59.526,62.982,62.982,64.89,64.89,65.016,65.016,64.062,64.062,65.592,65.592,63.594,63.594,64.332,64.332,69.516,69.516,60.588,60.588,57.294,57.294,65.232,65.232,74.412,74.412,72.882,72.882,73.422,73.422,69.858,69.858,69.822,69.822,63.846,63.846,63.594,63.594,46.206,46.206,26.244,26.244
08/22/2011,KW,23.256,23.256,22.608,22.608,22.032,22.032,23.742,23.742,24.84,24.84,23.904,23.904,22.626,22.626,22.122,22.122,22.572,22.572,22.86,22.86,21.114,21.114,20.772,20.772,20.124,20.124,24.354,24.354,39.51,39.51,39.546,39.546,43.254,43.254,48.834,48.834,54.954,54.954,56.196,56.196,56.16,56.16,55.422,55.422,60.93,60.93,58.104,58.104,65.088,65.088,65.34,65.34,62.532,62.532,63.18,63.18,63.198,63.198,66.996,66.996,67.572,67.572,68.256,68.256,68.274,68.274,64.062,64.062,64.512,64.512,64.332,64.332,63.09,63.09,65.448,65.448,83.16,83.16,78.948,78.948,78.786,78.786,80.082,80.082,77.526,77.526,75.978,75.978,69.372,69.372,62.046,62.046,39.474,39.474,45.702,45.702
08/23/2011,KW,43.47,43.47,33.336,33.336,24.156,24.156,24.678,24.678,25.902,25.902,24.336,24.336,23.274,23.274,22.698,22.698,23.418,23.418,23.436,23.436,21.258,21.258,21.87,21.87,18.342,18.342,22.896,22.896,41.202,41.202,39.924,39.924,44.496,44.496,51.912,51.912,72.162,72.162,72.288,72.288,72.126,72.126,73.044,73.044,71.244,71.244,68.976,68.976,52.56,52.56,55.728,55.728,53.46,53.46,52.758,52.758,55.854,55.854,61.326,61.326,57.168,57.168,54.162,54.162,57.87,57.87,58.59,58.59,57.654,57.654,62.46,62.46,61.938,61.938,74.232,74.232,79.47,79.47,71.352,71.352,72.486,72.486,76.59,76.59,80.388,80.388,73.638,73.638,69.318,69.318,48.924,48.924,23.778,23.778,25.866,25.866
08/24/2011,KW,25.056,25.056,25.776,25.776,25.092,25.092,26.208,26.208,27.306,27.306,26.082,26.082,25.758,25.758,23.67,23.67,24.318,24.318,26.226,26.226,22.572,22.572,23.994,23.994,23.22,23.22,27.054,27.054,42.48,42.48,39.618,39.618,46.584,46.584,58.5,58.5,58.806,58.806,60.156,60.156,64.62,64.62,64.926,64.926,66.438,66.438,70.956,70.956,72.594,72.594,74.7,74.7,69.498,69.498,74.106,74.106,74.934,74.934,74.682,74.682,74.844,74.844,74.538,74.538,73.98,73.98,73.908,73.908,71.37,71.37,72.972,72.972,71.208,71.208,71.046,71.046,83.808,83.808,82.872,82.872,81.774,81.774,84.798,84.798,76.86,76.86,75.888,75.888,68.652,68.652,51.624,51.624,24.714,24.714,24.21,24.21
08/25/2011,KW,24.75,24.75,25.002,25.002,24.876,24.876,24.354,24.354,26.946,26.946,24.714,24.714,24.192,24.192,23.004,23.004,23.49,23.49,24.606,24.606,22.824,22.824,23.04,23.04,22.068,22.068,26.982,26.982,43.182,43.182,43.542,43.542,47.232,47.232,52.758,52.758,57.33,57.33,56.412,56.412,60.588,60.588,59.13,59.13,55.638,55.638,57.744,57.744,63.702,63.702,64.152,64.152,67.122,67.122,67.896,67.896,69.75,69.75,68.382,68.382,66.978,66.978,67.41,67.41,65.484,65.484,65.466,65.466,67.14,67.14,68.526,68.526,67.14,67.14,64.566,64.566,75.546,75.546,79.29,79.29,77.886,77.886,78.264,78.264,72.54,72.54,74.25,74.25,68.562,68.562,41.256,41.256,23.454,23.454,24.048,24.048
08/26/2011,KW,25.74,25.74,24.336,24.336,22.806,22.806,24.858,24.858,25.812,25.812,23.904,23.904,23.688,23.688,20.88,20.88,18.144,18.144,19.314,19.314,17.208,17.208,18.972,18.972,18.612,18.612,30.564,30.564,44.334,44.334,43.902,43.902,46.692,46.692,51.732,51.732,53.514,53.514,57.132,57.132,56.934,56.934,53.712,53.712,53.874,53.874,59.13,59.13,59.382,59.382,67.194,67.194,66.6,66.6,70.92,70.92,67.95,67.95,63.666,63.666,67.806,67.806,63.99,63.99,64.44,64.44,68.13,68.13,66.87,66.87,67.05,67.05,65.754,65.754,82.296,82.296,79.38,79.38,77.094,77.094,77.634,77.634,78.264,78.264,76.032,76.032,73.026,73.026,67.986,67.986,57.078,57.078,26.046,26.046,27.414,27.414
08/27/2011,KW,27.882,27.882,24.786,24.786,23.832,23.832,24.462,24.462,26.856,26.856,24.57,24.57,25.452,25.452,25.524,25.524,25.164,25.164,24.804,24.804,22.824,22.824,25.488,25.488,23.238,23.238,26.55,26.55,27.378,27.378,33.498,33.498,48.294,48.294,48.6,48.6,50.634,50.634,62.784,62.784,70.02,70.02,63.558,63.558,59.634,59.634,60.138,60.138,65.214,65.214,69.246,69.246,62.874,62.874,66.888,66.888,66.366,66.366,70.128,70.128,67.518,67.518,69.84,69.84,67.158,67.158,66.744,66.744,63.36,63.36,61.146,61.146,58.284,58.284,66.6,66.6,68.31,68.31,72.522,72.522,73.584,73.584,73.908,73.908,70.236,70.236,70.65,70.65,65.196,65.196,63.99,63.99,32.706,32.706,26.118,26.118
08/28/2011,KW,25.488,25.488,22.41,22.41,22.32,22.32,22.086,22.086,24.264,24.264,22.77,22.77,22.608,22.608,21.888,21.888,21.978,21.978,22.374,22.374,18.486,18.486,18.072,18.072,17.55,17.55,24.498,24.498,23.022,23.022,25.578,25.578,44.55,44.55,46.602,46.602,47.826,47.826,48.78,48.78,52.506,52.506,56.07,56.07,54.36,54.36,58.356,58.356,58.23,58.23,59.454,59.454,59.994,59.994,62.82,62.82,62.928,62.928,63.504,63.504,62.154,62.154,60.678,60.678,64.17,64.17,56.376,56.376,56.934,56.934,54.144,54.144,56.988,56.988,70.362,70.362,72.198,72.198,72.18,72.18,72.432,72.432,73.08,73.08,69.498,69.498,69.588,69.588,64.728,64.728,63.846,63.846,56.268,56.268,26.766,26.766
08/29/2011,KW,23.688,23.688,22.932,22.932,23.544,23.544,23.202,23.202,25.164,25.164,23.58,23.58,22.698,22.698,22.176,22.176,22.122,22.122,22.716,22.716,20.88,20.88,22.122,22.122,18.81,18.81,23.76,23.76,41.778,41.778,44.082,44.082,47.646,47.646,55.62,55.62,57.672,57.672,55.278,55.278,53.01,53.01,52.974,52.974,52.452,52.452,55.746,55.746,66.384,66.384,69.264,69.264,66.636,66.636,64.908,64.908,60.876,60.876,62.874,62.874,65.07,65.07,64.494,64.494,64.872,64.872,64.494,64.494,61.092,61.092,67.014,67.014,65.862,65.862,66.042,66.042,80.226,80.226,75.348,75.348,77.076,77.076,79.488,79.488,71.082,71.082,73.71,73.71,68.886,68.886,64.26,64.26,32.616,32.616,23.022,23.022
08/30/2011,KW,24.444,24.444,23.778,23.778,23.112,23.112,25.128,25.128,24.354,24.354,24.678,24.678,23.49,23.49,23.22,23.22,22.914,22.914,23.418,23.418,21.654,21.654,17.982,17.982,20.232,20.232,25.182,25.182,41.616,41.616,42.588,42.588,49.194,49.194,48.546,48.546,50.688,50.688,52.866,52.866,52.488,52.488,51.156,51.156,48.042,48.042,57.366,57.366,57.258,57.258,55.908,55.908,62.352,62.352,61.488,61.488,52.218,52.218,59.67,59.67,63.18,63.18,54.324,54.324,58.986,58.986,59.544,59.544,59.346,59.346,78.12,78.12,79.002,79.002,73.512,73.512,71.82,71.82,72.792,72.792,73.512,73.512,77.706,77.706,74.304,74.304,73.35,73.35,67.374,67.374,51.336,51.336,26.568,26.568,28.26,28.26
08/31/2011,KW,25.74,25.74,23.976,23.976,24.102,24.102,23.742,23.742,25.884,25.884,24.948,24.948,23.022,23.022,23.094,23.094,24.12,24.12,23.958,23.958,20.484,20.484,18.108,18.108,17.82,17.82,25.92,25.92,42.84,42.84,43.452,43.452,49.284,49.284,46.944,46.944,50.436,50.436,57.51,57.51,55.44,55.44,54.99,54.99,53.856,53.856,57.384,57.384,65.826,65.826,71.874,71.874,70.938,70.938,67.968,67.968,63.594,63.594,67.086,67.086,72.954,72.954,71.388,71.388,72.9,72.9,73.476,73.476,71.298,71.298,71.298,71.298,73.458,73.458,85.536,85.536,82.656,82.656,85.734,85.734,84.582,84.582,84.114,84.114,80.514,80.514,76.896,76.896,67.608,67.608,53.442,53.442,27.162,27.162,28.98,28.98
09/01/2011,KW,27.648,27.648,26.082,26.082,29.646,29.646,23.958,23.958,29.052,29.052,28.8,28.8,26.298,26.298,25.83,25.83,24.948,24.948,27.36,27.36,24.786,24.786,24.516,24.516,25.956,25.956,31.554,31.554,39.69,39.69,45.432,45.432,47.988,47.988,52.992,52.992,60.318,60.318,66.402,66.402,65.808,65.808,74.232,74.232,68.328,68.328,72.018,72.018,70.092,70.092,72.9,72.9,75.546,75.546,76.968,76.968,77.49,77.49,76.842,76.842,76.896,76.896,73.062,73.062,75.906,75.906,76.59,76.59,75.114,75.114,77.742,77.742,78.192,78.192,81.45,81.45,96.03,96.03,93.906,93.906,94.068,94.068,92.844,92.844,88.11,88.11,81.234,81.234,69.552,69.552,45.018,45.018,30.186,30.186,30.816,30.816
09/02/2011,KW,29.808,29.808,30.168,30.168,31.41,31.41,30.276,30.276,31.788,31.788,32.004,32.004,29.898,29.898,28.206,28.206,27.81,27.81,31.05,31.05,27.882,27.882,29.376,29.376,28.908,28.908,37.638,37.638,61.74,61.74,52.434,52.434,56.574,56.574,54.954,54.954,58.284,58.284,62.73,62.73,59.904,59.904,67.734,67.734,70.596,70.596,75.24,75.24,71.964,71.964,76.806,76.806,74.196,74.196,75.204,75.204,75.114,75.114,75.51,75.51,74.916,74.916,77.454,77.454,74.304,74.304,75.204,75.204,72.738,72.738,76.698,76.698,74.952,74.952,87.642,87.642,92.304,92.304,88.758,88.758,91.746,91.746,89.118,89.118,83.25,83.25,78.228,78.228,70.74,70.74,68.742,68.742,40.122,40.122,29.214,29.214
09/03/2011,KW,30.168,30.168,27.9,27.9,28.098,28.098,29.178,29.178,31.194,31.194,29.808,29.808,26.874,26.874,28.296,28.296,28.188,28.188,28.566,28.566,27.558,27.558,28.584,28.584,20.628,20.628,32.724,32.724,35.442,35.442,38.106,38.106,58.752,58.752,46.818,46.818,53.388,53.388,61.65,61.65,65.07,65.07,64.566,64.566,68.382,68.382,72.828,72.828,74.142,74.142,72.738,72.738,72.126,72.126,73.206,73.206,71.208,71.208,69.084,69.084,65.934,65.934,62.154,62.154,63.432,63.432,69.606,69.606,58.932,58.932,76.68,76.68,81.306,81.306,75.942,75.942,74.034,74.034,75.87,75.87,77.724,77.724,74.664,74.664,74.466,74.466,70.92,70.92,63.63,63.63,49.14,49.14,23.832,23.832,25.416,25.416
09/04/2011,KW,24.768,24.768,24.588,24.588,24.912,24.912,25.398,25.398,26.73,26.73,25.578,25.578,24.876,24.876,24.84,24.84,24.534,24.534,26.298,26.298,24.246,24.246,25.2,25.2,24.03,24.03,24.03,24.03,26.154,26.154,31.122,31.122,43.218,43.218,44.64,44.64,45.828,45.828,47.358,47.358,55.782,55.782,53.586,53.586,50.526,50.526,53.514,53.514,51.876,51.876,56.016,56.016,59.724,59.724,55.044,55.044,53.928,53.928,56.556,56.556,57.672,57.672,54.594,54.594,53.226,53.226,53.928,53.928,50.76,50.76,52.236,52.236,53.55,53.55,64.548,64.548,67.194,67.194,66.258,66.258,64.764,64.764,70.254,70.254,67.374,67.374,66.852,66.852,64.026,64.026,44.316,44.316,23.598,23.598,25.236,25.236
09/05/2011,KW,24.138,24.138,20.898,20.898,20.52,20.52,17.406,17.406,19.206,19.206,18.594,18.594,16.776,16.776,16.776,16.776,19.656,19.656,22.842,22.842,17.28,17.28,17.46,17.46,17.136,17.136,22.302,22.302,41.796,41.796,43.596,43.596,49.14,49.14,46.404,46.404,46.782,46.782,46.692,46.692,47.916,47.916,47.646,47.646,47.7,47.7,47.934,47.934,46.512,46.512,49.428,49.428,53.136,53.136,49.428,49.428,51.606,51.606,50.94,50.94,51.138,51.138,51.102,51.102,51.678,51.678,47.988,47.988,45.918,45.918,47.574,47.574,47.916,47.916,47.754,47.754,64.494,64.494,64.782,64.782,63.234,63.234,65.718,65.718,66.168,66.168,66.402,66.402,64.674,64.674,39.942,39.942,21.456,21.456,22.932,22.932
09/06/2011,KW,22.32,22.32,22.23,22.23,21.564,21.564,22.068,22.068,22.338,22.338,19.296,19.296,17.766,17.766,18.378,18.378,17.946,17.946,19.584,19.584,18.18,18.18,17.514,17.514,18.504,18.504,24.66,24.66,40.752,40.752,39.618,39.618,44.01,44.01,46.404,46.404,43.326,43.326,42.714,42.714,45.81,45.81,43.956,43.956,46.458,46.458,49.824,49.824,45.486,45.486,49.788,49.788,50.886,50.886,50.598,50.598,50.364,50.364,50.04,50.04,58.86,58.86,56.862,56.862,54.414,54.414,52.776,52.776,49.23,49.23,51.498,51.498,52.632,52.632,51.156,51.156,66.69,66.69,66.384,66.384,68.922,68.922,69.48,69.48,70.164,70.164,69.444,69.444,65.502,65.502,48.564,48.564,22.014,22.014,23.382,23.382
09/07/2011,KW,22.122,22.122,22.302,22.302,21.438,21.438,21.87,21.87,20.25,20.25,19.206,19.206,18.306,18.306,18.972,18.972,17.694,17.694,19.764,19.764,18.216,18.216,18.414,18.414,20.07,20.07,22.644,22.644,38.61,38.61,38.16,38.16,48.258,48.258,46.044,46.044,44.406,44.406,47.538,47.538,48.078,48.078,48.708,48.708,49.176,49.176,51.228,51.228,50.598,50.598,54.972,54.972,53.64,53.64,52.326,52.326,52.902,52.902,55.368,55.368,54.738,54.738,56.268,56.268,52.776,52.776,53.262,53.262,53.37,53.37,54.648,54.648,52.578,52.578,55.872,55.872,67.842,67.842,67.608,67.608,67.77,67.77,71.19,71.19,69.984,69.984,70.398,70.398,68.886,68.886,65.448,65.448,31.626,31.626,25.848,25.848
09/08/2011,KW,25.056,25.056,24.588,24.588,25.218,25.218,24.966,24.966,26.478,26.478,25.29,25.29,21.258,21.258,20.592,20.592,20.718,20.718,21.888,21.888,21.006,21.006,21.186,21.186,19.962,19.962,25.524,25.524,41.814,41.814,44.73,44.73,46.728,46.728,44.874,44.874,45.756,45.756,50.904,50.904,57.24,57.24,54.72,54.72,51.012,51.012,51.12,51.12,52.218,52.218,54.504,54.504,56.214,56.214,57.474,57.474,54.108,54.108,61.074,61.074,56.376,56.376,55.026,55.026,57.096,57.096,56.34,56.34,53.622,53.622,66.996,66.996,73.278,73.278,74.88,74.88,70.974,70.974,71.568,71.568,70.434,70.434,75.438,75.438,74.178,74.178,75.168,75.168,69.48,69.48,46.602,46.602,26.586,26.586,25.686,25.686
09/09/2011,KW,22.284,22.284,23.184,23.184,23.382,23.382,23.634,23.634,26.028,26.028,22.464,22.464,18.666,18.666,18.846,18.846,18.036,18.036,20.286,20.286,17.838,17.838,18.774,18.774,24.642,24.642,28.206,28.206,46.638,46.638,60.246,60.246,52.938,52.938,50.994,50.994,47.97,47.97,65.448,65.448,60.606,60.606,59.94,59.94,47.43,47.43,59.796,59.796,56.538,56.538,68.904,68.904,50.598,50.598,53.55,53.55,53.928,53.928,54.576,54.576,55.854,55.854,53.766,53.766,55.476,55.476,56.142,56.142,56.286,56.286,54,54,71.694,71.694,75.546,75.546,73.584,73.584,70.776,70.776,71.694,71.694,75.636,75.636,73.098,73.098,72.144,72.144,68.796,68.796,64.512,64.512,36.126,36.126,23.724,23.724
09/10/2011,KW,23.814,23.814,23.13,23.13,23.148,23.148,23.544,23.544,25.164,25.164,23.454,23.454,22.266,22.266,22.392,22.392,22.608,22.608,23.274,23.274,18.018,18.018,18.558,18.558,18.162,18.162,20.214,20.214,19.656,19.656,27.954,27.954,40.05,40.05,39.474,39.474,43.398,43.398,52.2,52.2,56.502,56.502,56.268,56.268,54.252,54.252,59.454,59.454,58.338,58.338,66.834,66.834,65.52,65.52,63.828,63.828,59.904,59.904,59.994,59.994,62.316,62.316,65.898,65.898,64.656,64.656,64.026,64.026,56.664,56.664,62.172,62.172,63.108,63.108,63.882,63.882,72.468,72.468,75.078,75.078,72.72,72.72,71.982,71.982,71.388,71.388,67.896,67.896,65.664,65.664,65.43,65.43,31.374,31.374,24.858,24.858
09/11/2011,KW,25.578,25.578,24.3,24.3,24.174,24.174,24.444,24.444,26.928,26.928,24.948,24.948,22.86,22.86,24.174,24.174,23.202,23.202,25.164,25.164,22.68,22.68,23.58,23.58,18.864,18.864,22.032,22.032,24.174,24.174,27.954,27.954,43.506,43.506,45.576,45.576,47.304,47.304,48.546,48.546,54.342,54.342,62.838,62.838,55.728,55.728,58.572,58.572,63.666,63.666,67.662,67.662,62.172,62.172,65.934,65.934,67.518,67.518,70.578,70.578,67.554,67.554,67.644,67.644,66.474,66.474,63.954,63.954,63.468,63.468,63.936,63.936,59.418,59.418,67.59,67.59,78.282,78.282,76.41,76.41,75.852,75.852,74.52,74.52,73.782,73.782,71.694,71.694,66.762,66.762,65.556,65.556,41.886,41.886,28.314,28.314
09/12/2011,KW,27.612,27.612,24.228,24.228,27.108,27.108,28.35,28.35,30.276,30.276,26.964,26.964,25.596,25.596,25.596,25.596,25.326,25.326,26.73,26.73,24.408,24.408,25.308,25.308,25.47,25.47,30.528,30.528,45.918,45.918,46.224,46.224,51.696,51.696,53.586,53.586,56.79,56.79,56.07,56.07,62.694,62.694,66.078,66.078,55.854,55.854,65.844,65.844,66.438,66.438,68.778,68.778,69.516,69.516,68.598,68.598,70.128,70.128,67.878,67.878,64.098,64.098,64.026,64.026,66.564,66.564,66.744,66.744,65.898,65.898,65.844,65.844,65.718,65.718,81.738,81.738,80.424,80.424,79.668,79.668,78.102,78.102,78.66,78.66,75.636,75.636,74.934,74.934,66.024,66.024,64.062,64.062,32.742,32.742,27.108,27.108
09/13/2011,KW,26.28,26.28,22.446,22.446,25.56,25.56,26.838,26.838,26.91,26.91,27.144,27.144,24.21,24.21,23.814,23.814,24.48,24.48,25.308,25.308,23.382,23.382,25.488,25.488,26.262,26.262,29.934,29.934,43.938,43.938,44.748,44.748,50.526,50.526,55.746,55.746,51.408,51.408,50.49,50.49,50.202,50.202,56.7,56.7,52.344,52.344,52.776,52.776,52.488,52.488,59.076,59.076,63.018,63.018,56.214,56.214,63.36,63.36,56.106,56.106,60.858,60.858,59.022,59.022,58.194,58.194,56.898,56.898,57.6,57.6,54.414,54.414,68.724,68.724,76.158,76.158,72.18,72.18,70.128,70.128,69.57,69.57,73.26,73.26,70.902,70.902,71.496,71.496,66.762,66.762,50.58,50.58,25.974,25.974,25.362,25.362
09/14/2011,KW,22.662,22.662,22.158,22.158,23.076,23.076,22.41,22.41,24.552,24.552,23.868,23.868,21.924,21.924,18.36,18.36,18.054,18.054,20.052,20.052,17.28,17.28,18.252,18.252,17.01,17.01,21.312,21.312,51.48,51.48,46.242,46.242,46.494,46.494,46.692,46.692,52.83,52.83,65.484,65.484,50.022,50.022,47.898,47.898,45.126,45.126,47.79,47.79,47.808,47.808,48.528,48.528,47.394,47.394,48.24,48.24,51.12,51.12,48.726,48.726,48.87,48.87,45.036,45.036,48.636,48.636,46.53,46.53,45.522,45.522,50.346,50.346,47.646,47.646,55.17,55.17,67.644,67.644,69.264,69.264,70.182,70.182,69.948,69.948,68.436,68.436,67.716,67.716,53.082,53.082,47.268,47.268,29.394,29.394,21.78,21.78
09/15/2011,KW,21.042,21.042,20.106,20.106,18.378,18.378,18.45,18.45,21.042,21.042,19.008,19.008,17.964,17.964,18.45,18.45,18.27,18.27,19.494,19.494,17.226,17.226,18.558,18.558,18.486,18.486,25.254,25.254,38.376,38.376,36.54,36.54,40.23,40.23,37.89,37.89,38.754,38.754,38.826,38.826,41.112,41.112,43.848,43.848,42.588,42.588,42.3,42.3,42.84,42.84,47.88,47.88,46.17,46.17,47.232,47.232,46.44,46.44,49.752,49.752,50.958,50.958,51.156,51.156,49.464,49.464,48.168,48.168,46.206,46.206,48.636,48.636,50.274,50.274,66.312,66.312,68.472,68.472,67.41,67.41,68.94,68.94,68.22,68.22,67.662,67.662,65.97,65.97,62.406,62.406,38.412,38.412,20.268,20.268,21.438,21.438
09/16/2011,KW,20.466,20.466,20.034,20.034,18.378,18.378,19.35,19.35,20.394,20.394,18.81,18.81,18.882,18.882,17.802,17.802,17.784,17.784,19.35,19.35,17.352,17.352,18.648,18.648,18.18,18.18,23.976,23.976,59.292,59.292,57.96,57.96,42.264,42.264,42.3,42.3,45.27,45.27,44.1,44.1,45.756,45.756,45.63,45.63,40.932,40.932,44.064,44.064,41.49,41.49,46.782,46.782,47.322,47.322,43.182,43.182,46.872,46.872,45.126,45.126,47.448,47.448,47.178,47.178,47.466,47.466,46.188,46.188,50.724,50.724,66.87,66.87,61.686,61.686,67.608,67.608,65.718,65.718,66.672,66.672,67.878,67.878,68.994,68.994,69.552,69.552,67.302,67.302,62.892,62.892,55.872,55.872,23.742,23.742,20.952,20.952
09/17/2011,KW,20.16,20.16,18.54,18.54,19.278,19.278,20.16,20.16,20.412,20.412,18.72,18.72,17.694,17.694,17.82,17.82,18.18,18.18,19.08,19.08,16.29,16.29,18.522,18.522,17.46,17.46,20.16,20.16,19.314,19.314,21.744,21.744,35.568,35.568,40.356,40.356,40.302,40.302,45.432,45.432,52.182,52.182,50.436,50.436,45.666,45.666,47.862,47.862,48.348,48.348,51.678,51.678,51.534,51.534,53.118,53.118,48.582,48.582,52.146,52.146,53.748,53.748,51.984,51.984,54.918,54.918,50.67,50.67,44.892,44.892,49.986,49.986,51.462,51.462,60.21,60.21,63.954,63.954,65.826,65.826,68.022,68.022,67.392,67.392,69.246,69.246,63.396,63.396,63.396,63.396,61.38,61.38,26.946,26.946,21.438,21.438
09/18/2011,KW,20.628,20.628,20.016,20.016,19.728,19.728,20.736,20.736,21.51,21.51,20.394,20.394,19.206,19.206,19.422,19.422,16.794,16.794,18.36,18.36,17.082,17.082,17.154,17.154,16.596,16.596,18.774,18.774,20.088,20.088,24.804,24.804,39.24,39.24,47.052,47.052,45.72,45.72,43.668,43.668,46.332,46.332,44.388,44.388,45.306,45.306,48.942,48.942,46.296,46.296,50.436,50.436,51.444,51.444,48.06,48.06,53.496,53.496,49.536,49.536,51.066,51.066,70.74,70.74,69.444,69.444,68.256,68.256,64.404,64.404,67.212,67.212,67.608,67.608,66.348,66.348,66.366,66.366,66.24,66.24,66.006,66.006,68.22,68.22,67.788,67.788,65.52,65.52,64.404,64.404,65.466,65.466,35.982,35.982,24.048,24.048
09/19/2011,KW,20.97,20.97,20.214,20.214,20.988,20.988,21.51,21.51,23.328,23.328,21.492,21.492,21.168,21.168,21.06,21.06,17.136,17.136,18.36,18.36,16.956,16.956,17.154,17.154,17.01,17.01,36.036,36.036,65.754,65.754,63.576,63.576,63.414,63.414,50.472,50.472,49.41,49.41,49.788,49.788,55.152,55.152,54.198,54.198,46.818,46.818,51.012,51.012,50.166,50.166,50.742,50.742,49.572,49.572,49.158,49.158,51.246,51.246,53.712,53.712,54.558,54.558,55.08,55.08,51.984,51.984,54.774,54.774,55.17,55.17,53.532,53.532,54.504,54.504,69.264,69.264,70.812,70.812,68.652,68.652,70.956,70.956,71.928,71.928,72.45,72.45,70.488,70.488,67.842,67.842,65.286,65.286,39.474,39.474,23.13,23.13
09/20/2011,KW,22.41,22.41,21.69,21.69,21.906,21.906,21.87,21.87,20.916,20.916,19.746,19.746,18.738,18.738,17.838,17.838,18.162,18.162,19.638,19.638,17.388,17.388,18.666,18.666,18.864,18.864,25.434,25.434,40.122,40.122,38.16,38.16,44.766,44.766,46.494,46.494,45.072,45.072,49.392,49.392,49.212,49.212,52.434,52.434,49.554,49.554,51.12,51.12,54.99,54.99,59.976,59.976,59.184,59.184,55.08,55.08,56.43,56.43,59.85,59.85,57.24,57.24,57.708,57.708,57.348,57.348,55.458,55.458,58.554,58.554,54.918,54.918,60.282,60.282,74.196,74.196,71.478,71.478,69.246,69.246,69.174,69.174,70.56,70.56,70.326,70.326,70.29,70.29,67.086,67.086,55.854,55.854,26.37,26.37,26.622,26.622
09/21/2011,KW,22.968,22.968,21.996,21.996,22.122,22.122,23.67,23.67,24.75,24.75,23.256,23.256,22.446,22.446,22.788,22.788,22.122,22.122,24.192,24.192,20.808,20.808,22.338,22.338,20.97,20.97,28.098,28.098,65.916,65.916,44.838,44.838,44.622,44.622,44.946,44.946,43.362,43.362,47.448,47.448,51.606,51.606,47.034,47.034,48.24,48.24,50.778,50.778,50.454,50.454,55.368,55.368,56.772,56.772,52.974,52.974,56.646,56.646,55.368,55.368,56.862,56.862,52.974,52.974,55.116,55.116,57.042,57.042,52.092,52.092,58.986,58.986,72,72,67.104,67.104,70.434,70.434,67.014,67.014,68.508,68.508,74.754,74.754,73.548,73.548,68.238,68.238,63,63,52.218,52.218,21.852,21.852,21.186,21.186
09/22/2011,KW,20.43,20.43,19.8,19.8,20.988,20.988,20.43,20.43,22.41,22.41,21.24,21.24,18.054,18.054,20.394,20.394,19.62,19.62,20.97,20.97,19.332,19.332,17.262,17.262,16.236,16.236,21.528,21.528,42.534,42.534,42.57,42.57,48.528,48.528,44.1,44.1,44.388,44.388,44.928,44.928,45.594,45.594,49.014,49.014,49.194,49.194,46.386,46.386,47.43,47.43,50.13,50.13,50.634,50.634,46.53,46.53,46.89,46.89,46.782,46.782,51.48,51.48,50.868,50.868,50.688,50.688,50.112,50.112,48.24,48.24,52.956,52.956,61.434,61.434,69.714,69.714,70.938,70.938,68.76,68.76,68.04,68.04,70.866,70.866,69.75,69.75,72.774,72.774,66.672,66.672,63.522,63.522,30.438,30.438,22.086,22.086
09/23/2011,KW,21.204,21.204,21.528,21.528,21.186,21.186,20.106,20.106,20.574,20.574,19.8,19.8,17.802,17.802,18.828,18.828,17.784,17.784,20.25,20.25,18.45,18.45,18.612,18.612,17.73,17.73,25.38,25.38,45.648,45.648,37.8,37.8,41.382,41.382,42.372,42.372,44.586,44.586,44.712,44.712,45.162,45.162,42.228,42.228,41.616,41.616,43.65,43.65,44.352,44.352,49.734,49.734,47.952,47.952,46.44,46.44,48.24,48.24,47.142,47.142,49.788,49.788,48.87,48.87,48.888,48.888,47.934,47.934,46.638,46.638,64.368,64.368,70.866,70.866,70.362,70.362,69.012,69.012,68.904,68.904,67.824,67.824,71.514,71.514,70.902,70.902,71.424,71.424,63.954,63.954,64.188,64.188,33.786,33.786,22.248,22.248
09/24/2011,KW,21.528,21.528,21.654,21.654,22.068,22.068,19.476,19.476,20.826,20.826,19.836,19.836,18.72,18.72,18.018,18.018,18.306,18.306,20.25,20.25,18.018,18.018,18.774,18.774,18.198,18.198,20.592,20.592,22.14,22.14,22.248,22.248,38.952,38.952,37.908,37.908,45.198,45.198,46.962,46.962,48.15,48.15,44.838,44.838,43.884,43.884,61.65,61.65,45.414,45.414,48.798,48.798,47.772,47.772,47.646,47.646,49.014,49.014,47.448,47.448,50.436,50.436,46.386,46.386,47.862,47.862,47.718,47.718,44.64,44.64,45.954,45.954,61.506,61.506,66.96,66.96,65.016,65.016,65.97,65.97,65.232,65.232,67.41,67.41,67.986,67.986,64.62,64.62,63.054,63.054,62.37,62.37,31.266,31.266,22.212,22.212
09/25/2011,KW,21.132,21.132,20.934,20.934,20.772,20.772,21.186,21.186,20.34,20.34,19.206,19.206,18.234,18.234,17.802,17.802,17.802,17.802,19.512,19.512,17.046,17.046,18.342,18.342,17.388,17.388,20.61,20.61,21.366,21.366,23.904,23.904,39.168,39.168,47.592,47.592,45.918,45.918,46.602,46.602,45.054,45.054,52.398,52.398,44.478,44.478,48.654,48.654,46.116,46.116,47.538,47.538,49.32,49.32,46.386,46.386,45.234,45.234,47.466,47.466,48.114,48.114,50.22,50.22,51.93,51.93,47.988,47.988,47.106,47.106,48.042,48.042,63.144,63.144,67.086,67.086,66.582,66.582,65.826,65.826,66.726,66.726,67.536,67.536,64.242,64.242,65.232,65.232,62.838,62.838,63.27,63.27,29.25,29.25,21.69,21.69
09/26/2011,KW,20.934,20.934,20.394,20.394,21.096,21.096,18.162,18.162,19.854,19.854,19.26,19.26,17.55,17.55,17.478,17.478,17.658,17.658,22.158,22.158,22.77,22.77,17.892,17.892,17.208,17.208,22.824,22.824,57.996,57.996,60.948,60.948,59.238,59.238,44.262,44.262,44.028,44.028,45.414,45.414,49.14,49.14,45.252,45.252,43.938,43.938,45.072,45.072,45.45,45.45,46.134,46.134,51.696,51.696,51.282,51.282,51.642,51.642,47.214,47.214,47.394,47.394,59.4,59.4,46.458,46.458,44.928,44.928,45.468,45.468,58.932,58.932,67.392,67.392,67.932,67.932,63.99,63.99,65.088,65.088,66.618,66.618,67.554,67.554,68.112,68.112,67.194,67.194,64.476,64.476,62.064,62.064,29.916,29.916,21.582,21.582
09/27/2011,KW,21.06,21.06,20.16,20.16,19.998,19.998,19.818,19.818,21.942,21.942,20.088,20.088,18.63,18.63,17.982,17.982,17.982,17.982,19.872,19.872,18.036,18.036,19.476,19.476,18.27,18.27,19.98,19.98,52.866,52.866,38.79,38.79,47.124,47.124,47.664,47.664,43.668,43.668,45.324,45.324,46.818,46.818,49.878,49.878,47.556,47.556,47.628,47.628,43.308,43.308,48.924,48.924,46.206,46.206,44.946,44.946,45.468,45.468,47.808,47.808,45.234,45.234,46.746,46.746,46.98,46.98,47.826,47.826,45.306,45.306,69.264,69.264,65.736,65.736,66.996,66.996,67.374,67.374,67.104,67.104,67.734,67.734,69.03,69.03,67.05,67.05,65.916,65.916,61.686,61.686,60.048,60.048,28.8,28.8,21.258,21.258
09/28/2011,KW,20.016,20.016,19.998,19.998,19.728,19.728,17.928,17.928,17.622,17.622,17.658,17.658,18.198,18.198,17.766,17.766,17.622,17.622,17.352,17.352,16.83,16.83,17.73,17.73,19.332,19.332,20.754,20.754,49.428,49.428,48.06,48.06,40.788,40.788,40.536,40.536,43.668,43.668,44.982,44.982,47.826,47.826,46.062,46.062,44.784,44.784,49.284,49.284,47.214,47.214,61.632,61.632,57.978,57.978,47.268,47.268,63.486,63.486,63.594,63.594,48.06,48.06,48.852,48.852,50.382,50.382,65.34,65.34,48.996,48.996,65.736,65.736,68.742,68.742,68.832,68.832,68.22,68.22,65.43,65.43,66.078,66.078,67.572,67.572,69.21,69.21,65.322,65.322,61.146,61.146,55.566,55.566,22.824,22.824,19.368,19.368
09/29/2011,KW,18.828,18.828,17.766,17.766,19.008,19.008,17.082,17.082,17.208,17.208,17.64,17.64,16.776,16.776,16.56,16.56,16.578,16.578,16.308,16.308,15.948,15.948,17.406,17.406,16.884,16.884,19.872,19.872,57.924,57.924,40.14,40.14,39.978,39.978,42.3,42.3,40.284,40.284,39.582,39.582,40.626,40.626,43.524,43.524,45.198,45.198,46.494,46.494,55.566,55.566,61.344,61.344,52.254,52.254,46.152,46.152,47.808,47.808,52.668,52.668,51.552,51.552,49.248,49.248,47.34,47.34,51.174,51.174,57.456,57.456,59.148,59.148,66.366,66.366,67.752,67.752,65.592,65.592,66.132,66.132,65.682,65.682,69.354,69.354,66.708,66.708,66.366,66.366,62.064,62.064,60.588,60.588,28.368,28.368,21.276,21.276
09/30/2011,KW,19.818,19.818,18.846,18.846,18.414,18.414,17.694,17.694,17.694,17.694,18.486,18.486,17.874,17.874,17.766,17.766,18.126,18.126,17.694,17.694,17.1,17.1,17.946,17.946,19.728,19.728,25.326,25.326,57.312,57.312,38.772,38.772,41.922,41.922,41.778,41.778,40.248,40.248,40.104,40.104,44.352,44.352,45.558,45.558,43.488,43.488,43.776,43.776,41.814,41.814,42.444,42.444,43.272,43.272,44.424,44.424,43.074,43.074,43.2,43.2,45.108,45.108,45.18,45.18,46.368,46.368,45.918,45.918,55.368,55.368,61.722,61.722,60.372,60.372,66.132,66.132,63.378,63.378,64.89,64.89,63.954,63.954,64.116,64.116,63.504,63.504,63.972,63.972,60.84,60.84,58.842,58.842,26.658,26.658,18.918,18.918
10/01/2011,KW,17.802,17.802,17.712,17.712,17.676,17.676,18.288,18.288,17.172,17.172,17.028,17.028,17.478,17.478,17.172,17.172,17.892,17.892,17.496,17.496,17.064,17.064,18.252,18.252,18.504,18.504,21.924,21.924,20.718,20.718,26.946,26.946,39.42,39.42,39.474,39.474,40.788,40.788,40.248,40.248,41.418,41.418,44.964,44.964,43.866,43.866,45.936,45.936,44.73,44.73,45.792,45.792,44.946,44.946,46.17,46.17,48.726,48.726,48.438,48.438,47.844,47.844,48.366,48.366,48.618,48.618,47.502,47.502,41.814,41.814,43.434,43.434,50.13,50.13,60.858,60.858,60.48,60.48,61.326,61.326,59.472,59.472,58.896,58.896,60.264,60.264,59.832,59.832,60.552,60.552,59.31,59.31,26.676,26.676,19.98,19.98
10/02/2011,KW,18.576,18.576,16.722,16.722,16.938,16.938,16.776,16.776,16.128,16.128,16.56,16.56,16.704,16.704,16.794,16.794,16.218,16.218,16.632,16.632,16.146,16.146,17.766,17.766,17.334,17.334,21.006,21.006,20.88,20.88,24.156,24.156,36.864,36.864,38.088,38.088,39.78,39.78,40.518,40.518,39.618,39.618,44.568,44.568,42.66,42.66,44.442,44.442,45.846,45.846,47.718,47.718,48.114,48.114,47.574,47.574,48.42,48.42,48.024,48.024,51.12,51.12,50.634,50.634,49.644,49.644,48.708,48.708,45.432,45.432,44.514,44.514,53.244,53.244,63.09,63.09,62.262,62.262,64.89,64.89,63.234,63.234,63.846,63.846,64.026,64.026,64.134,64.134,61.308,61.308,33.822,33.822,19.908,19.908,20.016,20.016
10/03/2011,KW,19.242,19.242,17.37,17.37,17.136,17.136,16.398,16.398,16.416,16.416,17.226,17.226,16.47,16.47,16.092,16.092,16.254,16.254,16.38,16.38,15.624,15.624,17.514,17.514,17.01,17.01,26.676,26.676,44.352,44.352,37.332,37.332,39.366,39.366,44.352,44.352,45.144,45.144,43.218,43.218,44.64,44.64,43.902,43.902,42.516,42.516,46.89,46.89,51.03,51.03,51.768,51.768,49.428,49.428,51.678,51.678,52.722,52.722,55.314,55.314,51.642,51.642,49.824,49.824,50.526,50.526,53.496,53.496,49.878,49.878,48.348,48.348,60.642,60.642,66.294,66.294,67.104,67.104,66.69,66.69,66.852,66.852,68.112,68.112,69.552,69.552,68.166,68.166,67.104,67.104,64.602,64.602,55.134,55.134,22.86,22.86
10/04/2011,KW,19.926,19.926,18.234,18.234,18.72,18.72,17.838,17.838,18.288,18.288,17.73,17.73,17.802,17.802,17.514,17.514,17.73,17.73,17.748,17.748,17.136,17.136,18.108,18.108,17.802,17.802,21.654,21.654,45.576,45.576,38.376,38.376,40.212,40.212,42.246,42.246,44.37,44.37,45,45,48.726,48.726,43.992,43.992,42.516,42.516,50.868,50.868,50.922,50.922,52.47,52.47,51.336,51.336,52.146,52.146,59.994,59.994,57.042,57.042,56.214,56.214,59.598,59.598,53.082,53.082,59.976,59.976,53.208,53.208,54.666,54.666,68.814,68.814,71.568,71.568,67.464,67.464,69.066,69.066,69.066,69.066,71.964,71.964,69.246,69.246,70.524,70.524,65.898,65.898,64.26,64.26,30.834,30.834,22.518,22.518
10/05/2011,KW,20.448,20.448,18.324,18.324,19.17,19.17,19.008,19.008,20.988,20.988,20.16,20.16,18.036,18.036,18.486,18.486,18.684,18.684,19.638,19.638,18.378,18.378,18.612,18.612,17.352,17.352,20.754,20.754,46.422,46.422,38.16,38.16,42.894,42.894,46.044,46.044,45.306,45.306,46.368,46.368,52.92,52.92,49.788,49.788,51.12,51.12,51.012,51.012,54.774,54.774,62.208,62.208,56.682,56.682,58.23,58.23,61.038,61.038,63.27,63.27,61.956,61.956,61.308,61.308,58.68,58.68,61.02,61.02,56.25,56.25,56.07,56.07,70.938,70.938,76.536,76.536,70.38,70.38,67.734,67.734,70.506,70.506,72.648,72.648,72.63,72.63,67.734,67.734,64.998,64.998,60.516,60.516,26.982,26.982,22.5,22.5
10/06/2011,KW,21.744,21.744,21.33,21.33,19.08,19.08,18.576,18.576,20.502,20.502,19.998,19.998,18.36,18.36,18.594,18.594,17.91,17.91,20.268,20.268,18.144,18.144,18.432,18.432,17.928,17.928,23.922,23.922,48.582,48.582,38.646,38.646,47.646,47.646,43.65,43.65,46.908,46.908,49.968,49.968,50.49,50.49,50.076,50.076,50.4,50.4,54.018,54.018,57.618,57.618,54.522,54.522,61.11,61.11,57.438,57.438,60.84,60.84,61.182,61.182,59.868,59.868,61.02,61.02,61.794,61.794,60.696,60.696,55.44,55.44,61.236,61.236,78.354,78.354,73.116,73.116,69.048,69.048,69.768,69.768,70.2,70.2,72.846,72.846,67.806,67.806,70.974,70.974,67.878,67.878,51.102,51.102,25.812,25.812,25.488,25.488
10/07/2011,KW,21.87,21.87,22.572,22.572,22.896,22.896,21.024,21.024,20.646,20.646,19.512,19.512,18.756,18.756,18.342,18.342,18.072,18.072,19.638,19.638,18.576,18.576,19.008,19.008,18.756,18.756,25.38,25.38,45.648,45.648,37.8,37.8,41.382,41.382,42.372,42.372,44.586,44.586,44.712,44.712,45.162,45.162,42.228,42.228,41.616,41.616,43.65,43.65,44.352,44.352,49.734,49.734,47.952,47.952,46.44,46.44,48.24,48.24,47.142,47.142,49.788,49.788,48.87,48.87,48.888,48.888,47.934,47.934,46.638,46.638,64.368,64.368,70.866,70.866,70.362,70.362,69.012,69.012,68.904,68.904,67.824,67.824,71.514,71.514,70.902,70.902,71.424,71.424,63.954,63.954,64.188,64.188,33.786,33.786,22.248,22.248
10/08/2011,KW,21.528,21.528,21.654,21.654,22.068,22.068,19.476,19.476,20.826,20.826,19.836,19.836,18.72,18.72,18.018,18.018,18.306,18.306,20.25,20.25,18.018,18.018,18.774,18.774,18.198,18.198,20.592,20.592,22.14,22.14,22.248,22.248,38.952,38.952,37.908,37.908,45.198,45.198,46.962,46.962,48.15,48.15,44.838,44.838,43.884,43.884,61.65,61.65,45.414,45.414,48.798,48.798,47.772,47.772,47.646,47.646,49.014,49.014,47.448,47.448,50.436,50.436,46.386,46.386,47.862,47.862,47.718,47.718,44.64,44.64,45.954,45.954,61.506,61.506,66.96,66.96,65.016,65.016,65.97,65.97,65.232,65.232,67.41,67.41,67.986,67.986,64.62,64.62,63.054,63.054,62.37,62.37,31.266,31.266,22.212,22.212
10/09/2011,KW,21.132,21.132,20.934,20.934,20.772,20.772,21.186,21.186,20.34,20.34,19.206,19.206,18.234,18.234,17.802,17.802,17.802,17.802,19.512,19.512,17.046,17.046,18.342,18.342,17.388,17.388,20.61,20.61,21.366,21.366,23.904,23.904,39.168,39.168,47.592,47.592,45.918,45.918,46.602,46.602,45.054,45.054,52.398,52.398,44.478,44.478,48.654,48.654,46.116,46.116,47.538,47.538,49.32,49.32,46.386,46.386,45.234,45.234,47.466,47.466,48.114,48.114,50.22,50.22,51.93,51.93,47.988,47.988,47.106,47.106,48.042,48.042,63.144,63.144,67.086,67.086,66.582,66.582,65.826,65.826,66.726,66.726,67.536,67.536,64.242,64.242,65.232,65.232,62.838,62.838,63.27,63.27,29.25,29.25,21.69,21.69
10/10/2011,KW,20.934,20.934,20.394,20.394,21.096,21.096,18.162,18.162,19.854,19.854,19.26,19.26,17.55,17.55,17.478,17.478,17.658,17.658,22.158,22.158,22.77,22.77,17.892,17.892,17.208,17.208,22.824,22.824,57.996,57.996,60.948,60.948,59.238,59.238,44.262,44.262,44.028,44.028,45.414,45.414,49.14,49.14,45.252,45.252,43.938,43.938,45.072,45.072,45.45,45.45,46.134,46.134,51.696,51.696,51.282,51.282,51.642,51.642,47.214,47.214,47.394,47.394,59.4,59.4,46.458,46.458,44.928,44.928,45.468,45.468,58.932,58.932,67.392,67.392,67.932,67.932,63.99,63.99,65.088,65.088,66.618,66.618,67.554,67.554,68.112,68.112,67.194,67.194,64.476,64.476,62.064,62.064,29.916,29.916,21.582,21.582
10/11/2011,KW,21.06,21.06,20.16,20.16,19.998,19.998,19.818,19.818,21.942,21.942,20.088,20.088,18.63,18.63,17.982,17.982,17.982,17.982,19.872,19.872,18.036,18.036,19.476,19.476,18.27,18.27,19.98,19.98,52.866,52.866,38.79,38.79,47.124,47.124,47.664,47.664,43.668,43.668,45.324,45.324,46.818,46.818,49.878,49.878,47.556,47.556,47.628,47.628,43.308,43.308,48.924,48.924,46.206,46.206,44.946,44.946,45.468,45.468,47.808,47.808,45.234,45.234,46.746,46.746,46.98,46.98,47.826,47.826,45.306,45.306,69.264,69.264,65.736,65.736,66.996,66.996,67.374,67.374,67.104,67.104,67.734,67.734,69.03,69.03,67.05,67.05,65.916,65.916,61.686,61.686,60.048,60.048,28.8,28.8,21.258,21.258
10/12/2011,KW,20.016,20.016,19.998,19.998,19.728,19.728,17.928,17.928,17.622,17.622,17.658,17.658,18.198,18.198,17.766,17.766,17.622,17.622,17.352,17.352,16.83,16.83,17.73,17.73,19.332,19.332,20.754,20.754,49.428,49.428,48.06,48.06,40.788,40.788,40.536,40.536,43.668,43.668,44.982,44.982,47.826,47.826,46.062,46.062,44.784,44.784,49.284,49.284,47.214,47.214,61.632,61.632,57.978,57.978,47.268,47.268,63.486,63.486,63.594,63.594,48.06,48.06,48.852,48.852,50.382,50.382,65.34,65.34,48.996,48.996,65.736,65.736,68.742,68.742,68.832,68.832,68.22,68.22,65.43,65.43,66.078,66.078,67.572,67.572,69.21,69.21,65.322,65.322,61.146,61.146,55.566,55.566,22.824,22.824,19.368,19.368
10/13/2011,KW,18.828,18.828,17.766,17.766,19.008,19.008,17.082,17.082,17.208,17.208,17.64,17.64,16.776,16.776,16.56,16.56,16.578,16.578,16.308,16.308,15.948,15.948,17.406,17.406,16.884,16.884,19.872,19.872,57.924,57.924,40.14,40.14,39.978,39.978,42.3,42.3,40.284,40.284,39.582,39.582,40.626,40.626,43.524,43.524,45.198,45.198,46.494,46.494,55.566,55.566,61.344,61.344,52.254,52.254,46.152,46.152,47.808,47.808,52.668,52.668,51.552,51.552,49.248,49.248,47.34,47.34,51.174,51.174,57.456,57.456,59.148,59.148,66.366,66.366,67.752,67.752,65.592,65.592,66.132,66.132,65.682,65.682,69.354,69.354,66.708,66.708,66.366,66.366,62.064,62.064,60.588,60.588,28.368,28.368,21.276,21.276
10/14/2011,KW,19.818,19.818,18.846,18.846,18.414,18.414,17.694,17.694,17.694,17.694,18.486,18.486,17.874,17.874,17.766,17.766,18.126,18.126,17.694,17.694,17.1,17.1,17.946,17.946,19.728,19.728,25.326,25.326,57.312,57.312,38.772,38.772,41.922,41.922,41.778,41.778,40.248,40.248,40.104,40.104,44.352,44.352,45.558,45.558,43.488,43.488,43.776,43.776,41.814,41.814,42.444,42.444,43.272,43.272,44.424,44.424,43.074,43.074,43.2,43.2,45.108,45.108,45.18,45.18,46.368,46.368,45.918,45.918,55.368,55.368,61.722,61.722,60.372,60.372,66.132,66.132,63.378,63.378,64.89,64.89,63.954,63.954,64.116,64.116,63.504,63.504,63.972,63.972,60.84,60.84,58.842,58.842,26.658,26.658,18.918,18.918
10/15/2011,KW,17.802,17.802,17.712,17.712,17.676,17.676,18.288,18.288,17.172,17.172,17.028,17.028,17.478,17.478,17.172,17.172,17.892,17.892,17.496,17.496,17.064,17.064,18.252,18.252,18.504,18.504,21.924,21.924,20.718,20.718,26.946,26.946,39.42,39.42,39.474,39.474,40.788,40.788,40.248,40.248,41.418,41.418,44.964,44.964,43.866,43.866,45.936,45.936,44.73,44.73,45.792,45.792,44.946,44.946,46.17,46.17,48.726,48.726,48.438,48.438,47.844,47.844,48.366,48.366,48.618,48.618,47.502,47.502,41.814,41.814,43.434,43.434,50.13,50.13,60.858,60.858,60.48,60.48,61.326,61.326,59.472,59.472,58.896,58.896,60.264,60.264,59.832,59.832,60.552,60.552,59.31,59.31,26.676,26.676,19.98,19.98
10/16/2011,KW,18.576,18.576,16.722,16.722,16.938,16.938,16.776,16.776,16.128,16.128,16.56,16.56,16.704,16.704,16.794,16.794,16.218,16.218,16.632,16.632,16.146,16.146,17.766,17.766,17.334,17.334,21.006,21.006,20.88,20.88,24.156,24.156,36.864,36.864,38.088,38.088,39.78,39.78,40.518,40.518,39.618,39.618,44.568,44.568,42.66,42.66,44.442,44.442,45.846,45.846,47.718,47.718,48.114,48.114,47.574,47.574,48.42,48.42,48.024,48.024,51.12,51.12,50.634,50.634,49.644,49.644,48.708,48.708,45.432,45.432,44.514,44.514,53.244,53.244,63.09,63.09,62.262,62.262,64.89,64.89,63.234,63.234,63.846,63.846,64.026,64.026,64.134,64.134,61.308,61.308,33.822,33.822,19.908,19.908,20.016,20.016
10/17/2011,KW,19.242,19.242,17.37,17.37,17.136,17.136,16.398,16.398,16.416,16.416,17.226,17.226,16.47,16.47,16.092,16.092,16.254,16.254,16.38,16.38,15.624,15.624,17.514,17.514,17.01,17.01,26.676,26.676,44.352,44.352,37.332,37.332,39.366,39.366,44.352,44.352,45.144,45.144,43.218,43.218,44.64,44.64,43.902,43.902,42.516,42.516,46.89,46.89,51.03,51.03,51.768,51.768,49.428,49.428,51.678,51.678,52.722,52.722,55.314,55.314,51.642,51.642,49.824,49.824,50.526,50.526,53.496,53.496,49.878,49.878,48.348,48.348,60.642,60.642,66.294,66.294,67.104,67.104,66.69,66.69,66.852,66.852,68.112,68.112,69.552,69.552,68.166,68.166,67.104,67.104,64.602,64.602,55.134,55.134,22.86,22.86
10/18/2011,KW,19.926,19.926,18.234,18.234,18.72,18.72,17.838,17.838,18.288,18.288,17.73,17.73,17.802,17.802,17.514,17.514,17.73,17.73,17.748,17.748,17.136,17.136,18.108,18.108,17.802,17.802,21.654,21.654,45.576,45.576,38.376,38.376,40.212,40.212,42.246,42.246,44.37,44.37,45,45,48.726,48.726,43.992,43.992,42.516,42.516,50.868,50.868,50.922,50.922,52.47,52.47,51.336,51.336,52.146,52.146,59.994,59.994,57.042,57.042,56.214,56.214,59.598,59.598,53.082,53.082,59.976,59.976,53.208,53.208,54.666,54.666,68.814,68.814,71.568,71.568,67.464,67.464,69.066,69.066,69.066,69.066,71.964,71.964,69.246,69.246,70.524,70.524,65.898,65.898,64.26,64.26,30.834,30.834,22.518,22.518
10/19/2011,KW,,,,,,,,,,,,,,,,,,,,,,,,,,,,,,,,,,,,,,,,,,,,,,,,,,,,,,,,,,,,,,,,,,,,,,,,,,,,,,,,,,,,,,,,,,,,,,,,
