<?xml version="1.0" encoding="UTF-8" standalone="yes"?><operationalSchedule><endTransitionTime>180</endTransitionTime><occupancyBegins>08:15:00</occupancyBegins><occupancyEnds>19:15:00</occupancyEnds><occupiedHours>660</occupiedHours><operationalHours>960</operationalHours><operationalStart>06:15:00</operationalStart><operationalStop>22:15:00</operationalStop><season>Shoulder</season><startTransitionTime>120</startTransitionTime><transitionTime>300</transitionTime><unOccupiedHours>480</unOccupiedHours></operationalSchedule>