<?xml version="1.0" encoding="UTF-8" standalone="yes"?><operationalSchedule><endTransitionTime>60</endTransitionTime><occupancyBegins>07:15:00</occupancyBegins><occupancyEnds>21:15:00</occupancyEnds><occupiedHours>840</occupiedHours><operationalHours>1020</operationalHours><operationalStart>05:15:00</operationalStart><operationalStop>22:15:00</operationalStop><season>Summer</season><startTransitionTime>120</startTransitionTime><transitionTime>180</transitionTime><unOccupiedHours>420</unOccupiedHours></operationalSchedule>