<?xml version="1.0" encoding="UTF-8" standalone="yes"?><operationalSchedule><endTransitionTime>60</endTransitionTime><occupancyBegins>07:15:00</occupancyBegins><occupancyEnds>19:15:00</occupancyEnds><occupiedHours>720</occupiedHours><operationalHours>900</operationalHours><operationalStart>05:15:00</operationalStart><operationalStop>20:15:00</operationalStop><season>Winter</season><startTransitionTime>120</startTransitionTime><transitionTime>180</transitionTime><unOccupiedHours>540</unOccupiedHours></operationalSchedule>