<?xml version="1.0" encoding="UTF-8" standalone="yes"?><operationalSchedule><endTransitionTime>0</endTransitionTime><occupancyBegins>07:15:00</occupancyBegins><occupancyEnds>23:15:00</occupancyEnds><occupiedHours>960</occupiedHours><operationalHours>960</operationalHours><operationalStart>07:15:00</operationalStart><operationalStop>23:15:00</operationalStop><season>Shoulder</season><startTransitionTime>0</startTransitionTime><transitionTime>0</transitionTime><unOccupiedHours>480</unOccupiedHours></operationalSchedule>