<?xml version="1.0" encoding="UTF-8" standalone="yes"?><operationalSchedule><endTransitionTime>30</endTransitionTime><occupancyBegins>09:15:00</occupancyBegins><occupancyEnds>22:45:00</occupancyEnds><occupiedHours>810</occupiedHours><operationalHours>960</operationalHours><operationalStart>07:15:00</operationalStart><operationalStop>23:15:00</operationalStop><season>Summer</season><startTransitionTime>120</startTransitionTime><transitionTime>150</transitionTime><unOccupiedHours>480</unOccupiedHours></operationalSchedule>