<?xml version="1.0" encoding="UTF-8" standalone="yes"?><operationalSchedule><endTransitionTime>30</endTransitionTime><occupancyBegins>07:15:00</occupancyBegins><occupancyEnds>23:15:00</occupancyEnds><occupiedHours>960</occupiedHours><operationalHours>990</operationalHours><operationalStart>07:15:00</operationalStart><operationalStop>23:45:00</operationalStop><season>Winter</season><startTransitionTime>0</startTransitionTime><transitionTime>30</transitionTime><unOccupiedHours>450</unOccupiedHours></operationalSchedule>