<chart><series><value xid="0">0:15</value><value xid="1">0:30</value><value xid="2">0:45</value><value xid="3">1:00</value><value xid="4">1:15</value><value xid="5">1:30</value><value xid="6">1:45</value><value xid="7">2:00</value><value xid="8">2:15</value><value xid="9">2:30</value><value xid="10">2:45</value><value xid="11">3:00</value><value xid="12">3:15</value><value xid="13">3:30</value><value xid="14">3:45</value><value xid="15">4:00</value><value xid="16">4:15</value><value xid="17">4:30</value><value xid="18">4:45</value><value xid="19">5:00</value><value xid="20">5:15</value><value xid="21">5:30</value><value xid="22">5:45</value><value xid="23">6:00</value><value xid="24">6:15</value><value xid="25">6:30</value><value xid="26">6:45</value><value xid="27">7:00</value><value xid="28">7:15</value><value xid="29">7:30</value><value xid="30">7:45</value><value xid="31">8:00</value><value xid="32">8:15</value><value xid="33">8:30</value><value xid="34">8:45</value><value xid="35">9:00</value><value xid="36">9:15</value><value xid="37">9:30</value><value xid="38">9:45</value><value xid="39">10:00</value><value xid="40">10:15</value><value xid="41">10:30</value><value xid="42">10:45</value><value xid="43">11:00</value><value xid="44">11:15</value><value xid="45">11:30</value><value xid="46">11:45</value><value xid="47">12:00</value><value xid="48">12:15</value><value xid="49">12:30</value><value xid="50">12:45</value><value xid="51">13:00</value><value xid="52">13:15</value><value xid="53">13:30</value><value xid="54">13:45</value><value xid="55">14:00</value><value xid="56">14:15</value><value xid="57">14:30</value><value xid="58">14:45</value><value xid="59">15:00</value><value xid="60">15:15</value><value xid="61">15:30</value><value xid="62">15:45</value><value xid="63">16:00</value><value xid="64">16:15</value><value xid="65">16:30</value><value xid="66">16:45</value><value xid="67">17:00</value><value xid="68">17:15</value><value xid="69">17:30</value><value xid="70">17:45</value><value xid="71">18:00</value><value xid="72">18:15</value><value xid="73">18:30</value><value xid="74">18:45</value><value xid="75">19:00</value><value xid="76">19:15</value><value xid="77">19:30</value><value xid="78">19:45</value><value xid="79">20:00</value><value xid="80">20:15</value><value xid="81">20:30</value><value xid="82">20:45</value><value xid="83">21:00</value><value xid="84">21:15</value><value xid="85">21:30</value><value xid="86">21:45</value><value xid="87">22:00</value><value xid="88">22:15</value><value xid="89">22:30</value><value xid="90">22:45</value><value xid="91">23:00</value><value xid="92">23:15</value><value xid="93">23:30</value><value xid="94">23:45</value><value xid="95">0:00</value></series><graphs><graph gid="0"> <value xid="0">12.96</value> <value xid="1">12.96</value> <value xid="2">12.96</value> <value xid="3">12.96</value> <value xid="4">13.12</value> <value xid="5">13.12</value> <value xid="6">13.12</value> <value xid="7">13.12</value> <value xid="8">12.8</value> <value xid="9">12.8</value> <value xid="10">12.8</value> <value xid="11">12.8</value> <value xid="12">13.12</value> <value xid="13">13.12</value> <value xid="14">13.12</value> <value xid="15">13.12</value> <value xid="16">12.8</value> <value xid="17">12.8</value> <value xid="18">12.8</value> <value xid="19">12.8</value> <value xid="20">15.36</value> <value xid="21">15.36</value> <value xid="22">15.36</value> <value xid="23">15.36</value> <value xid="24">20.48</value> <value xid="25">20.48</value> <value xid="26">20.48</value> <value xid="27">20.48</value> <value xid="28">24</value> <value xid="29">24</value> <value xid="30">24</value> <value xid="31">24</value> <value xid="32">27.2</value> <value xid="33">27.2</value> <value xid="34">27.2</value> <value xid="35">27.2</value> <value xid="36">28</value> <value xid="37">28</value> <value xid="38">28</value> <value xid="39">28</value> <value xid="40">25.44</value> <value xid="41">25.44</value> <value xid="42">25.44</value> <value xid="43">25.44</value> <value xid="44">24.64</value> <value xid="45">24.64</value> <value xid="46">24.64</value> <value xid="47">24.64</value> <value xid="48">24.96</value> <value xid="49">24.96</value> <value xid="50">24.96</value> <value xid="51">24.96</value> <value xid="52">22.72</value> <value xid="53">22.72</value> <value xid="54">22.72</value> <value xid="55">22.72</value> <value xid="56">23.68</value> <value xid="57">23.68</value> <value xid="58">23.68</value> <value xid="59">23.68</value> <value xid="60">20.96</value> <value xid="61">20.96</value> <value xid="62">20.96</value> <value xid="63">20.96</value> <value xid="64">20.32</value> <value xid="65">20.32</value> <value xid="66">20.32</value> <value xid="67">20.32</value> <value xid="68">20.48</value> <value xid="69">20.48</value> <value xid="70">20.48</value> <value xid="71">20.48</value> <value xid="72">20.32</value> <value xid="73">20.32</value> <value xid="74">20.32</value> <value xid="75">20.32</value> <value xid="76">17.6</value> <value xid="77">17.6</value> <value xid="78">17.6</value> <value xid="79">17.6</value> <value xid="80">16.8</value> <value xid="81">16.8</value> <value xid="82">16.8</value> <value xid="83">16.8</value> <value xid="84">16.64</value> <value xid="85">16.64</value> <value xid="86">16.64</value> <value xid="87">16.64</value> <value xid="88">14.08</value> <value xid="89">14.08</value> <value xid="90">14.08</value> <value xid="91">14.08</value> <value xid="92">13.76</value> <value xid="93">13.76</value> <value xid="94">13.76</value> <value xid="95">13.76</value></graph><graph gid="1"> <value xid="0">13.92</value> <value xid="1">13.92</value> <value xid="2">13.92</value> <value xid="3">13.92</value> <value xid="4">14.24</value> <value xid="5">14.24</value> <value xid="6">14.24</value> <value xid="7">14.24</value> <value xid="8">13.76</value> <value xid="9">13.76</value> <value xid="10">13.76</value> <value xid="11">13.76</value> <value xid="12">16.48</value> <value xid="13">16.48</value> <value xid="14">16.48</value> <value xid="15">16.48</value> <value xid="16">16.8</value> <value xid="17">16.8</value> <value xid="18">16.8</value> <value xid="19">16.8</value> <value xid="20">20.16</value> <value xid="21">20.16</value> <value xid="22">20.16</value> <value xid="23">20.16</value> <value xid="24">22.72</value> <value xid="25">22.72</value> <value xid="26">22.72</value> <value xid="27">22.72</value> <value xid="28">23.68</value> <value xid="29">23.68</value> <value xid="30">23.68</value> <value xid="31">23.68</value> <value xid="32">24.16</value> <value xid="33">24.16</value> <value xid="34">24.16</value> <value xid="35">24.16</value> <value xid="36">23.68</value> <value xid="37">23.68</value> <value xid="38">23.68</value> <value xid="39">23.68</value> <value xid="40">24.32</value> <value xid="41">24.32</value> <value xid="42">24.32</value> <value xid="43">24.32</value> <value xid="44">25.12</value> <value xid="45">25.12</value> <value xid="46">25.12</value> <value xid="47">25.12</value> <value xid="48">25.92</value> <value xid="49">25.92</value> <value xid="50">25.92</value> <value xid="51">25.92</value> <value xid="52">25.28</value> <value xid="53">25.28</value> <value xid="54">25.28</value> <value xid="55">25.28</value> <value xid="56">21.92</value> <value xid="57">21.92</value> <value xid="58">21.92</value> <value xid="59">21.92</value> <value xid="60">19.52</value> <value xid="61">19.52</value> <value xid="62">19.52</value> <value xid="63">19.52</value> <value xid="64">20.32</value> <value xid="65">20.32</value> <value xid="66">20.32</value> <value xid="67">20.32</value> <value xid="68">20.16</value> <value xid="69">20.16</value> <value xid="70">20.16</value> <value xid="71">20.16</value> <value xid="72">19.2</value> <value xid="73">19.2</value> <value xid="74">19.2</value> <value xid="75">19.2</value> <value xid="76">17.6</value> <value xid="77">17.6</value> <value xid="78">17.6</value> <value xid="79">17.6</value> <value xid="80">17.44</value> <value xid="81">17.44</value> <value xid="82">17.44</value> <value xid="83">17.44</value> <value xid="84">16.96</value> <value xid="85">16.96</value> <value xid="86">16.96</value> <value xid="87">16.96</value> <value xid="88">14.08</value> <value xid="89">14.08</value> <value xid="90">14.08</value> <value xid="91">14.08</value> <value xid="92">14.24</value> <value xid="93">14.24</value> <value xid="94">14.24</value> <value xid="95">14.24</value></graph><graph gid="2"> <value xid="0">17.28</value> <value xid="1">17.28</value> <value xid="2">17.28</value> <value xid="3">17.28</value> <value xid="4">17.12</value> <value xid="5">17.12</value> <value xid="6">17.12</value> <value xid="7">17.12</value> <value xid="8">16.96</value> <value xid="9">16.96</value> <value xid="10">16.96</value> <value xid="11">16.96</value> <value xid="12">16.64</value> <value xid="13">16.64</value> <value xid="14">16.64</value> <value xid="15">16.64</value> <value xid="16">16.96</value> <value xid="17">16.96</value> <value xid="18">16.96</value> <value xid="19">16.96</value> <value xid="20">19.2</value> <value xid="21">19.2</value> <value xid="22">19.2</value> <value xid="23">19.2</value> <value xid="24">22.56</value> <value xid="25">22.56</value> <value xid="26">22.56</value> <value xid="27">22.56</value> <value xid="28">24.48</value> <value xid="29">24.48</value> <value xid="30">24.48</value> <value xid="31">24.48</value> <value xid="32">24.48</value> <value xid="33">24.48</value> <value xid="34">24.48</value> <value xid="35">24.48</value> <value xid="36">24.48</value> <value xid="37">24.48</value> <value xid="38">24.48</value> <value xid="39">24.48</value> <value xid="40">24.16</value> <value xid="41">24.16</value> <value xid="42">24.16</value> <value xid="43">24.16</value> <value xid="44">27.04</value> <value xid="45">27.04</value> <value xid="46">27.04</value> <value xid="47">27.04</value> <value xid="48">26.56</value> <value xid="49">26.56</value> <value xid="50">26.56</value> <value xid="51">26.56</value> <value xid="52">26.4</value> <value xid="53">26.4</value> <value xid="54">26.4</value> <value xid="55">26.4</value> <value xid="56">26.4</value> <value xid="57">26.4</value> <value xid="58">26.4</value> <value xid="59">26.4</value> <value xid="60">25.92</value> <value xid="61">25.92</value> <value xid="62">25.92</value> <value xid="63">25.92</value> <value xid="64">26.72</value> <value xid="65">26.72</value> <value xid="66">26.72</value> <value xid="67">26.72</value> <value xid="68">26.88</value> <value xid="69">26.88</value> <value xid="70">26.88</value> <value xid="71">26.88</value> <value xid="72">26.08</value> <value xid="73">26.08</value> <value xid="74">26.08</value> <value xid="75">26.08</value> <value xid="76">20.64</value> <value xid="77">20.64</value> <value xid="78">20.64</value> <value xid="79">20.64</value> <value xid="80">17.12</value> <value xid="81">17.12</value> <value xid="82">17.12</value> <value xid="83">17.12</value> <value xid="84">17.12</value> <value xid="85">17.12</value> <value xid="86">17.12</value> <value xid="87">17.12</value> <value xid="88">17.28</value> <value xid="89">17.28</value> <value xid="90">17.28</value> <value xid="91">17.28</value> <value xid="92">17.28</value> <value xid="93">17.28</value> <value xid="94">17.28</value> <value xid="95">17.28</value></graph><graph gid="3"> <value xid="0">19.2</value> <value xid="1">19.2</value> <value xid="2">19.2</value> <value xid="3">19.2</value> <value xid="4">18.72</value> <value xid="5">18.72</value> <value xid="6">18.72</value> <value xid="7">18.72</value> <value xid="8">18.88</value> <value xid="9">18.88</value> <value xid="10">18.88</value> <value xid="11">18.88</value> <value xid="12">19.04</value> <value xid="13">19.04</value> <value xid="14">19.04</value> <value xid="15">19.04</value> <value xid="16">18.72</value> <value xid="17">18.72</value> <value xid="18">18.72</value> <value xid="19">18.72</value> <value xid="20">25.28</value> <value xid="21">25.28</value> <value xid="22">25.28</value> <value xid="23">25.28</value> <value xid="24">25.12</value> <value xid="25">25.12</value> <value xid="26">25.12</value> <value xid="27">25.12</value> <value xid="28">26.72</value> <value xid="29">26.72</value> <value xid="30">26.72</value> <value xid="31">26.72</value> <value xid="32">27.68</value> <value xid="33">27.68</value> <value xid="34">27.68</value> <value xid="35">27.68</value> <value xid="36">28.32</value> <value xid="37">28.32</value> <value xid="38">28.32</value> <value xid="39">28.32</value> <value xid="40">30.24</value> <value xid="41">30.24</value> <value xid="42">30.24</value> <value xid="43">30.24</value> <value xid="44">30.72</value> <value xid="45">30.72</value> <value xid="46">30.72</value> <value xid="47">30.72</value> <value xid="48">30.08</value> <value xid="49">30.08</value> <value xid="50">30.08</value> <value xid="51">30.08</value> <value xid="52">30.08</value> <value xid="53">30.08</value> <value xid="54">30.08</value> <value xid="55">30.08</value> <value xid="56">29.6</value> <value xid="57">29.6</value> <value xid="58">29.6</value> <value xid="59">29.6</value> <value xid="60">27.52</value> <value xid="61">27.52</value> <value xid="62">27.52</value> <value xid="63">27.52</value> <value xid="64">28</value> <value xid="65">28</value> <value xid="66">28</value> <value xid="67">28</value> <value xid="68">29.76</value> <value xid="69">29.76</value> <value xid="70">29.76</value> <value xid="71">29.76</value> <value xid="72">28.64</value> <value xid="73">28.64</value> <value xid="74">28.64</value> <value xid="75">28.64</value> <value xid="76">23.36</value> <value xid="77">23.36</value> <value xid="78">23.36</value> <value xid="79">23.36</value> <value xid="80">21.28</value> <value xid="81">21.28</value> <value xid="82">21.28</value> <value xid="83">21.28</value> <value xid="84">18.24</value> <value xid="85">18.24</value> <value xid="86">18.24</value> <value xid="87">18.24</value> <value xid="88">17.92</value> <value xid="89">17.92</value> <value xid="90">17.92</value> <value xid="91">17.92</value> <value xid="92">18.24</value> <value xid="93">18.24</value> <value xid="94">18.24</value> <value xid="95">18.24</value></graph><graph gid="4"> <value xid="0">19.52</value> <value xid="1">19.52</value> <value xid="2">19.52</value> <value xid="3">19.52</value> <value xid="4">19.68</value> <value xid="5">19.68</value> <value xid="6">19.68</value> <value xid="7">19.68</value> <value xid="8">19.52</value> <value xid="9">19.52</value> <value xid="10">19.52</value> <value xid="11">19.52</value> <value xid="12">19.04</value> <value xid="13">19.04</value> <value xid="14">19.04</value> <value xid="15">19.04</value> <value xid="16">19.52</value> <value xid="17">19.52</value> <value xid="18">19.52</value> <value xid="19">19.52</value> <value xid="20">25.6</value> <value xid="21">25.6</value> <value xid="22">25.6</value> <value xid="23">25.6</value> <value xid="24">26.56</value> <value xid="25">26.56</value> <value xid="26">26.56</value> <value xid="27">26.56</value> <value xid="28">25.44</value> <value xid="29">25.44</value> <value xid="30">25.44</value> <value xid="31">25.44</value> <value xid="32">25.76</value> <value xid="33">25.76</value> <value xid="34">25.76</value> <value xid="35">25.76</value> <value xid="36">27.04</value> <value xid="37">27.04</value> <value xid="38">27.04</value> <value xid="39">27.04</value> <value xid="40">29.76</value> <value xid="41">29.76</value> <value xid="42">29.76</value> <value xid="43">29.76</value> <value xid="44">31.04</value> <value xid="45">31.04</value> <value xid="46">31.04</value> <value xid="47">31.04</value> <value xid="48">30.56</value> <value xid="49">30.56</value> <value xid="50">30.56</value> <value xid="51">30.56</value> <value xid="52">28</value> <value xid="53">28</value> <value xid="54">28</value> <value xid="55">28</value> <value xid="56">28.32</value> <value xid="57">28.32</value> <value xid="58">28.32</value> <value xid="59">28.32</value> <value xid="60">27.84</value> <value xid="61">27.84</value> <value xid="62">27.84</value> <value xid="63">27.84</value> <value xid="64">29.6</value> <value xid="65">29.6</value> <value xid="66">29.6</value> <value xid="67">29.6</value> <value xid="68">30.24</value> <value xid="69">30.24</value> <value xid="70">30.24</value> <value xid="71">30.24</value> <value xid="72">30.4</value> <value xid="73">30.4</value> <value xid="74">30.4</value> <value xid="75">30.4</value> <value xid="76">21.6</value> <value xid="77">21.6</value> <value xid="78">21.6</value> <value xid="79">21.6</value> <value xid="80">19.04</value> <value xid="81">19.04</value> <value xid="82">19.04</value> <value xid="83">19.04</value> <value xid="84">18.56</value> <value xid="85">18.56</value> <value xid="86">18.56</value> <value xid="87">18.56</value> <value xid="88">19.04</value> <value xid="89">19.04</value> <value xid="90">19.04</value> <value xid="91">19.04</value> <value xid="92">18.72</value> <value xid="93">18.72</value> <value xid="94">18.72</value> <value xid="95">18.72</value></graph><graph gid="5"> <value xid="0">18.08</value> <value xid="1">18.08</value> <value xid="2">18.08</value> <value xid="3">18.08</value> <value xid="4">18.08</value> <value xid="5">18.08</value> <value xid="6">18.08</value> <value xid="7">18.08</value> <value xid="8">17.76</value> <value xid="9">17.76</value> <value xid="10">17.76</value> <value xid="11">17.76</value> <value xid="12">18.24</value> <value xid="13">18.24</value> <value xid="14">18.24</value> <value xid="15">18.24</value> <value xid="16">17.76</value> <value xid="17">17.76</value> <value xid="18">17.76</value> <value xid="19">17.76</value> <value xid="20">20.96</value> <value xid="21">20.96</value> <value xid="22">20.96</value> <value xid="23">20.96</value> <value xid="24">25.28</value> <value xid="25">25.28</value> <value xid="26">25.28</value> <value xid="27">25.28</value> <value xid="28">24.8</value> <value xid="29">24.8</value> <value xid="30">24.8</value> <value xid="31">24.8</value> <value xid="32">25.44</value> <value xid="33">25.44</value> <value xid="34">25.44</value> <value xid="35">25.44</value> <value xid="36">26.88</value> <value xid="37">26.88</value> <value xid="38">26.88</value> <value xid="39">26.88</value> <value xid="40">27.2</value> <value xid="41">27.2</value> <value xid="42">27.2</value> <value xid="43">27.2</value> <value xid="44">29.12</value> <value xid="45">29.12</value> <value xid="46">29.12</value> <value xid="47">29.12</value> <value xid="48">26.4</value> <value xid="49">26.4</value> <value xid="50">26.4</value> <value xid="51">26.4</value> <value xid="52">25.12</value> <value xid="53">25.12</value> <value xid="54">25.12</value> <value xid="55">25.12</value> <value xid="56">24.8</value> <value xid="57">24.8</value> <value xid="58">24.8</value> <value xid="59">24.8</value> <value xid="60">25.28</value> <value xid="61">25.28</value> <value xid="62">25.28</value> <value xid="63">25.28</value> <value xid="64">26.08</value> <value xid="65">26.08</value> <value xid="66">26.08</value> <value xid="67">26.08</value> <value xid="68">24.8</value> <value xid="69">24.8</value> <value xid="70">24.8</value> <value xid="71">24.8</value> <value xid="72">24.16</value> <value xid="73">24.16</value> <value xid="74">24.16</value> <value xid="75">24.16</value> <value xid="76">21.12</value> <value xid="77">21.12</value> <value xid="78">21.12</value> <value xid="79">21.12</value> <value xid="80">20</value> <value xid="81">20</value> <value xid="82">20</value> <value xid="83">20</value> <value xid="84">20</value> <value xid="85">20</value> <value xid="86">20</value> <value xid="87">20</value> <value xid="88">19.36</value> <value xid="89">19.36</value> <value xid="90">19.36</value> <value xid="91">19.36</value> <value xid="92">19.36</value> <value xid="93">19.36</value> <value xid="94">19.36</value> <value xid="95">19.36</value></graph><graph gid="6"> <value xid="0">18.4</value> <value xid="1">18.4</value> <value xid="2">18.4</value> <value xid="3">18.4</value> <value xid="4">18.72</value> <value xid="5">18.72</value> <value xid="6">18.72</value> <value xid="7">18.72</value> <value xid="8">18.4</value> <value xid="9">18.4</value> <value xid="10">18.4</value> <value xid="11">18.4</value> <value xid="12">18.72</value> <value xid="13">18.72</value> <value xid="14">18.72</value> <value xid="15">18.72</value> <value xid="16">18.4</value> <value xid="17">18.4</value> <value xid="18">18.4</value> <value xid="19">18.4</value> <value xid="20">25.44</value> <value xid="21">25.44</value> <value xid="22">25.44</value> <value xid="23">25.44</value> <value xid="24">24.48</value> <value xid="25">24.48</value> <value xid="26">24.48</value> <value xid="27">24.48</value> <value xid="28">25.44</value> <value xid="29">25.44</value> <value xid="30">25.44</value> <value xid="31">25.44</value> <value xid="32">25.76</value> <value xid="33">25.76</value> <value xid="34">25.76</value> <value xid="35">25.76</value> <value xid="36">25.76</value> <value xid="37">25.76</value> <value xid="38">25.76</value> <value xid="39">25.76</value> <value xid="40">25.6</value> <value xid="41">25.6</value> <value xid="42">25.6</value> <value xid="43">25.6</value> <value xid="44">28.16</value> <value xid="45">28.16</value> <value xid="46">28.16</value> <value xid="47">28.16</value> <value xid="48">26.24</value> <value xid="49">26.24</value> <value xid="50">26.24</value> <value xid="51">26.24</value> <value xid="52">25.28</value> <value xid="53">25.28</value> <value xid="54">25.28</value> <value xid="55">25.28</value> <value xid="56">26.56</value> <value xid="57">26.56</value> <value xid="58">26.56</value> <value xid="59">26.56</value> <value xid="60">25.92</value> <value xid="61">25.92</value> <value xid="62">25.92</value> <value xid="63">25.92</value> <value xid="64">25.76</value> <value xid="65">25.76</value> <value xid="66">25.76</value> <value xid="67">25.76</value> <value xid="68">25.28</value> <value xid="69">25.28</value> <value xid="70">25.28</value> <value xid="71">25.28</value> <value xid="72">25.12</value> <value xid="73">25.12</value> <value xid="74">25.12</value> <value xid="75">25.12</value> <value xid="76">19.84</value> <value xid="77">19.84</value> <value xid="78">19.84</value> <value xid="79">19.84</value> <value xid="80">17.12</value> <value xid="81">17.12</value> <value xid="82">17.12</value> <value xid="83">17.12</value> <value xid="84">16.96</value> <value xid="85">16.96</value> <value xid="86">16.96</value> <value xid="87">16.96</value> <value xid="88">16.96</value> <value xid="89">16.96</value> <value xid="90">16.96</value> <value xid="91">16.96</value> <value xid="92">17.12</value> <value xid="93">17.12</value> <value xid="94">17.12</value> <value xid="95">17.12</value></graph><graph gid="7"> <value xid="0">17.44</value> <value xid="1">17.44</value> <value xid="2">17.44</value> <value xid="3">17.44</value> <value xid="4">17.28</value> <value xid="5">17.28</value> <value xid="6">17.28</value> <value xid="7">17.28</value> <value xid="8">17.6</value> <value xid="9">17.6</value> <value xid="10">17.6</value> <value xid="11">17.6</value> <value xid="12">17.28</value> <value xid="13">17.28</value> <value xid="14">17.28</value> <value xid="15">17.28</value> <value xid="16">17.28</value> <value xid="17">17.28</value> <value xid="18">17.28</value> <value xid="19">17.28</value> <value xid="20">23.52</value> <value xid="21">23.52</value> <value xid="22">23.52</value> <value xid="23">23.52</value> <value xid="24">25.6</value> <value xid="25">25.6</value> <value xid="26">25.6</value> <value xid="27">25.6</value> <value xid="28">26.08</value> <value xid="29">26.08</value> <value xid="30">26.08</value> <value xid="31">26.08</value> <value xid="32">25.6</value> <value xid="33">25.6</value> <value xid="34">25.6</value> <value xid="35">25.6</value> <value xid="36">25.6</value> <value xid="37">25.6</value> <value xid="38">25.6</value> <value xid="39">25.6</value> <value xid="40">26.08</value> <value xid="41">26.08</value> <value xid="42">26.08</value> <value xid="43">26.08</value> <value xid="44">28.48</value> <value xid="45">28.48</value> <value xid="46">28.48</value> <value xid="47">28.48</value> <value xid="48">30.08</value> <value xid="49">30.08</value> <value xid="50">30.08</value> <value xid="51">30.08</value> <value xid="52">28.64</value> <value xid="53">28.64</value> <value xid="54">28.64</value> <value xid="55">28.64</value> <value xid="56">28.48</value> <value xid="57">28.48</value> <value xid="58">28.48</value> <value xid="59">28.48</value> <value xid="60">27.04</value> <value xid="61">27.04</value> <value xid="62">27.04</value> <value xid="63">27.04</value> <value xid="64">25.12</value> <value xid="65">25.12</value> <value xid="66">25.12</value> <value xid="67">25.12</value> <value xid="68">27.52</value> <value xid="69">27.52</value> <value xid="70">27.52</value> <value xid="71">27.52</value> <value xid="72">29.44</value> <value xid="73">29.44</value> <value xid="74">29.44</value> <value xid="75">29.44</value> <value xid="76">20.16</value> <value xid="77">20.16</value> <value xid="78">20.16</value> <value xid="79">20.16</value> <value xid="80">17.76</value> <value xid="81">17.76</value> <value xid="82">17.76</value> <value xid="83">17.76</value> <value xid="84">17.6</value> <value xid="85">17.6</value> <value xid="86">17.6</value> <value xid="87">17.6</value> <value xid="88">17.76</value> <value xid="89">17.76</value> <value xid="90">17.76</value> <value xid="91">17.76</value> <value xid="92">17.92</value> <value xid="93">17.92</value> <value xid="94">17.92</value> <value xid="95">17.92</value></graph><graph gid="8"> <value xid="0">13.6</value> <value xid="1">13.6</value> <value xid="2">13.6</value> <value xid="3">13.6</value> <value xid="4">7.84</value> <value xid="5">7.84</value> <value xid="6">7.84</value> <value xid="7">7.84</value> <value xid="8">8</value> <value xid="9">8</value> <value xid="10">8</value> <value xid="11">8</value> <value xid="12">8.32</value> <value xid="13">8.32</value> <value xid="14">8.32</value> <value xid="15">8.32</value> <value xid="16">11.04</value> <value xid="17">11.04</value> <value xid="18">11.04</value> <value xid="19">11.04</value> <value xid="20">13.92</value> <value xid="21">13.92</value> <value xid="22">13.92</value> <value xid="23">13.92</value> <value xid="24">15.68</value> <value xid="25">15.68</value> <value xid="26">15.68</value> <value xid="27">15.68</value> <value xid="28">16.8</value> <value xid="29">16.8</value> <value xid="30">16.8</value> <value xid="31">16.8</value> <value xid="32">22.56</value> <value xid="33">22.56</value> <value xid="34">22.56</value> <value xid="35">22.56</value> <value xid="36">22.4</value> <value xid="37">22.4</value> <value xid="38">22.4</value> <value xid="39">22.4</value> <value xid="40">21.6</value> <value xid="41">21.6</value> <value xid="42">21.6</value> <value xid="43">21.6</value> <value xid="44">28.32</value> <value xid="45">28.32</value> <value xid="46">28.32</value> <value xid="47">28.32</value> <value xid="48">27.04</value> <value xid="49">27.04</value> <value xid="50">27.04</value> <value xid="51">27.04</value> <value xid="52">26.24</value> <value xid="53">26.24</value> <value xid="54">26.24</value> <value xid="55">26.24</value> <value xid="56">26.24</value> <value xid="57">26.24</value> <value xid="58">26.24</value> <value xid="59">26.24</value> <value xid="60">25.44</value> <value xid="61">25.44</value> <value xid="62">25.44</value> <value xid="63">25.44</value> <value xid="64">25.12</value> <value xid="65">25.12</value> <value xid="66">25.12</value> <value xid="67">25.12</value> <value xid="68">25.76</value> <value xid="69">25.76</value> <value xid="70">25.76</value> <value xid="71">25.76</value> <value xid="72">24.8</value> <value xid="73">24.8</value> <value xid="74">24.8</value> <value xid="75">24.8</value> <value xid="76">16.64</value> <value xid="77">16.64</value> <value xid="78">16.64</value> <value xid="79">16.64</value> <value xid="80">17.12</value> <value xid="81">17.12</value> <value xid="82">17.12</value> <value xid="83">17.12</value> <value xid="84">16.48</value> <value xid="85">16.48</value> <value xid="86">16.48</value> <value xid="87">16.48</value> <value xid="88">14.24</value> <value xid="89">14.24</value> <value xid="90">14.24</value> <value xid="91">14.24</value> <value xid="92">14.4</value> <value xid="93">14.4</value> <value xid="94">14.4</value> <value xid="95">14.4</value></graph><graph gid="9"> <value xid="0">13.92</value> <value xid="1">13.92</value> <value xid="2">13.92</value> <value xid="3">13.92</value> <value xid="4">13.6</value> <value xid="5">13.6</value> <value xid="6">13.6</value> <value xid="7">13.6</value> <value xid="8">13.44</value> <value xid="9">13.44</value> <value xid="10">13.44</value> <value xid="11">13.44</value> <value xid="12">13.44</value> <value xid="13">13.44</value> <value xid="14">13.44</value> <value xid="15">13.44</value> <value xid="16">14.24</value> <value xid="17">14.24</value> <value xid="18">14.24</value> <value xid="19">14.24</value> <value xid="20">19.2</value> <value xid="21">19.2</value> <value xid="22">19.2</value> <value xid="23">19.2</value> <value xid="24">18.88</value> <value xid="25">18.88</value> <value xid="26">18.88</value> <value xid="27">18.88</value> <value xid="28">19.52</value> <value xid="29">19.52</value> <value xid="30">19.52</value> <value xid="31">19.52</value> <value xid="32">23.68</value> <value xid="33">23.68</value> <value xid="34">23.68</value> <value xid="35">23.68</value> <value xid="36">24.8</value> <value xid="37">24.8</value> <value xid="38">24.8</value> <value xid="39">24.8</value> <value xid="40">25.76</value> <value xid="41">25.76</value> <value xid="42">25.76</value> <value xid="43">25.76</value> <value xid="44">25.92</value> <value xid="45">25.92</value> <value xid="46">25.92</value> <value xid="47">25.92</value> <value xid="48">26.4</value> <value xid="49">26.4</value> <value xid="50">26.4</value> <value xid="51">26.4</value> <value xid="52">25.28</value> <value xid="53">25.28</value> <value xid="54">25.28</value> <value xid="55">25.28</value> <value xid="56">25.12</value> <value xid="57">25.12</value> <value xid="58">25.12</value> <value xid="59">25.12</value> <value xid="60">24.96</value> <value xid="61">24.96</value> <value xid="62">24.96</value> <value xid="63">24.96</value> <value xid="64">25.76</value> <value xid="65">25.76</value> <value xid="66">25.76</value> <value xid="67">25.76</value> <value xid="68">24.16</value> <value xid="69">24.16</value> <value xid="70">24.16</value> <value xid="71">24.16</value> <value xid="72">23.2</value> <value xid="73">23.2</value> <value xid="74">23.2</value> <value xid="75">23.2</value> <value xid="76">18.72</value> <value xid="77">18.72</value> <value xid="78">18.72</value> <value xid="79">18.72</value> <value xid="80">18.08</value> <value xid="81">18.08</value> <value xid="82">18.08</value> <value xid="83">18.08</value> <value xid="84">18.08</value> <value xid="85">18.08</value> <value xid="86">18.08</value> <value xid="87">18.08</value> <value xid="88">17.92</value> <value xid="89">17.92</value> <value xid="90">17.92</value> <value xid="91">17.92</value> <value xid="92">18.4</value> <value xid="93">18.4</value> <value xid="94">18.4</value> <value xid="95">18.4</value></graph></graphs></chart>