<chart><series><value xid="0">0:15</value><value xid="1">0:30</value><value xid="2">0:45</value><value xid="3">1:00</value><value xid="4">1:15</value><value xid="5">1:30</value><value xid="6">1:45</value><value xid="7">2:00</value><value xid="8">2:15</value><value xid="9">2:30</value><value xid="10">2:45</value><value xid="11">3:00</value><value xid="12">3:15</value><value xid="13">3:30</value><value xid="14">3:45</value><value xid="15">4:00</value><value xid="16">4:15</value><value xid="17">4:30</value><value xid="18">4:45</value><value xid="19">5:00</value><value xid="20">5:15</value><value xid="21">5:30</value><value xid="22">5:45</value><value xid="23">6:00</value><value xid="24">6:15</value><value xid="25">6:30</value><value xid="26">6:45</value><value xid="27">7:00</value><value xid="28">7:15</value><value xid="29">7:30</value><value xid="30">7:45</value><value xid="31">8:00</value><value xid="32">8:15</value><value xid="33">8:30</value><value xid="34">8:45</value><value xid="35">9:00</value><value xid="36">9:15</value><value xid="37">9:30</value><value xid="38">9:45</value><value xid="39">10:00</value><value xid="40">10:15</value><value xid="41">10:30</value><value xid="42">10:45</value><value xid="43">11:00</value><value xid="44">11:15</value><value xid="45">11:30</value><value xid="46">11:45</value><value xid="47">12:00</value><value xid="48">12:15</value><value xid="49">12:30</value><value xid="50">12:45</value><value xid="51">13:00</value><value xid="52">13:15</value><value xid="53">13:30</value><value xid="54">13:45</value><value xid="55">14:00</value><value xid="56">14:15</value><value xid="57">14:30</value><value xid="58">14:45</value><value xid="59">15:00</value><value xid="60">15:15</value><value xid="61">15:30</value><value xid="62">15:45</value><value xid="63">16:00</value><value xid="64">16:15</value><value xid="65">16:30</value><value xid="66">16:45</value><value xid="67">17:00</value><value xid="68">17:15</value><value xid="69">17:30</value><value xid="70">17:45</value><value xid="71">18:00</value><value xid="72">18:15</value><value xid="73">18:30</value><value xid="74">18:45</value><value xid="75">19:00</value><value xid="76">19:15</value><value xid="77">19:30</value><value xid="78">19:45</value><value xid="79">20:00</value><value xid="80">20:15</value><value xid="81">20:30</value><value xid="82">20:45</value><value xid="83">21:00</value><value xid="84">21:15</value><value xid="85">21:30</value><value xid="86">21:45</value><value xid="87">22:00</value><value xid="88">22:15</value><value xid="89">22:30</value><value xid="90">22:45</value><value xid="91">23:00</value><value xid="92">23:15</value><value xid="93">23:30</value><value xid="94">23:45</value><value xid="95">0:00</value></series><graphs><graph gid="0"> <value xid="0">13.92</value> <value xid="1">13.92</value> <value xid="2">13.92</value> <value xid="3">13.92</value> <value xid="4">13.93</value> <value xid="5">13.93</value> <value xid="6">13.93</value> <value xid="7">13.93</value> <value xid="8">12.71</value> <value xid="9">12.71</value> <value xid="10">12.71</value> <value xid="11">12.71</value> <value xid="12">12.36</value> <value xid="13">12.36</value> <value xid="14">12.36</value> <value xid="15">12.36</value> <value xid="16">12.71</value> <value xid="17">12.71</value> <value xid="18">12.71</value> <value xid="19">12.71</value> <value xid="20">12.16</value> <value xid="21">12.16</value> <value xid="22">12.16</value> <value xid="23">12.16</value> <value xid="24">14.61</value> <value xid="25">14.61</value> <value xid="26">14.61</value> <value xid="27">14.61</value> <value xid="28">19.04</value> <value xid="29">19.04</value> <value xid="30">19.04</value> <value xid="31">19.04</value> <value xid="32">20.6</value> <value xid="33">20.6</value> <value xid="34">20.6</value> <value xid="35">20.6</value> <value xid="36">22.73</value> <value xid="37">22.73</value> <value xid="38">22.73</value> <value xid="39">22.73</value> <value xid="40">22.23</value> <value xid="41">22.23</value> <value xid="42">22.23</value> <value xid="43">22.23</value> <value xid="44">21.67</value> <value xid="45">21.67</value> <value xid="46">21.67</value> <value xid="47">21.67</value> <value xid="48">23.06</value> <value xid="49">23.06</value> <value xid="50">23.06</value> <value xid="51">23.06</value> <value xid="52">23.07</value> <value xid="53">23.07</value> <value xid="54">23.07</value> <value xid="55">23.07</value> <value xid="56">23.01</value> <value xid="57">23.01</value> <value xid="58">23.01</value> <value xid="59">23.01</value> <value xid="60">23.49</value> <value xid="61">23.49</value> <value xid="62">23.49</value> <value xid="63">23.49</value> <value xid="64">23.75</value> <value xid="65">23.75</value> <value xid="66">23.75</value> <value xid="67">23.75</value> <value xid="68">23.33</value> <value xid="69">23.33</value> <value xid="70">23.33</value> <value xid="71">23.33</value> <value xid="72">21.67</value> <value xid="73">21.67</value> <value xid="74">21.67</value> <value xid="75">21.67</value> <value xid="76">17.34</value> <value xid="77">17.34</value> <value xid="78">17.34</value> <value xid="79">17.34</value> <value xid="80">16.44</value> <value xid="81">16.44</value> <value xid="82">16.44</value> <value xid="83">16.44</value> <value xid="84">16.28</value> <value xid="85">16.28</value> <value xid="86">16.28</value> <value xid="87">16.28</value> <value xid="88">15.93</value> <value xid="89">15.93</value> <value xid="90">15.93</value> <value xid="91">15.93</value> <value xid="92">14.27</value> <value xid="93">14.27</value> <value xid="94">14.27</value> <value xid="95">14.27</value></graph><graph gid="1"> <value xid="0">14.37</value> <value xid="1">14.37</value> <value xid="2">14.37</value> <value xid="3">14.37</value> <value xid="4">14.1</value> <value xid="5">14.1</value> <value xid="6">14.1</value> <value xid="7">14.1</value> <value xid="8">13.09</value> <value xid="9">13.09</value> <value xid="10">13.09</value> <value xid="11">13.09</value> <value xid="12">12.69</value> <value xid="13">12.69</value> <value xid="14">12.69</value> <value xid="15">12.69</value> <value xid="16">12.86</value> <value xid="17">12.86</value> <value xid="18">12.86</value> <value xid="19">12.86</value> <value xid="20">15.49</value> <value xid="21">15.49</value> <value xid="22">15.49</value> <value xid="23">15.49</value> <value xid="24">18.5</value> <value xid="25">18.5</value> <value xid="26">18.5</value> <value xid="27">18.5</value> <value xid="28">19.85</value> <value xid="29">19.85</value> <value xid="30">19.85</value> <value xid="31">19.85</value> <value xid="32">22.27</value> <value xid="33">22.27</value> <value xid="34">22.27</value> <value xid="35">22.27</value> <value xid="36">23.18</value> <value xid="37">23.18</value> <value xid="38">23.18</value> <value xid="39">23.18</value> <value xid="40">23.59</value> <value xid="41">23.59</value> <value xid="42">23.59</value> <value xid="43">23.59</value> <value xid="44">24.12</value> <value xid="45">24.12</value> <value xid="46">24.12</value> <value xid="47">24.12</value> <value xid="48">24.69</value> <value xid="49">24.69</value> <value xid="50">24.69</value> <value xid="51">24.69</value> <value xid="52">24.66</value> <value xid="53">24.66</value> <value xid="54">24.66</value> <value xid="55">24.66</value> <value xid="56">24.04</value> <value xid="57">24.04</value> <value xid="58">24.04</value> <value xid="59">24.04</value> <value xid="60">23.44</value> <value xid="61">23.44</value> <value xid="62">23.44</value> <value xid="63">23.44</value> <value xid="64">22.95</value> <value xid="65">22.95</value> <value xid="66">22.95</value> <value xid="67">22.95</value> <value xid="68">21.41</value> <value xid="69">21.41</value> <value xid="70">21.41</value> <value xid="71">21.41</value> <value xid="72">21.07</value> <value xid="73">21.07</value> <value xid="74">21.07</value> <value xid="75">21.07</value> <value xid="76">17.54</value> <value xid="77">17.54</value> <value xid="78">17.54</value> <value xid="79">17.54</value> <value xid="80">17.05</value> <value xid="81">17.05</value> <value xid="82">17.05</value> <value xid="83">17.05</value> <value xid="84">16.62</value> <value xid="85">16.62</value> <value xid="86">16.62</value> <value xid="87">16.62</value> <value xid="88">14.82</value> <value xid="89">14.82</value> <value xid="90">14.82</value> <value xid="91">14.82</value> <value xid="92">14.55</value> <value xid="93">14.55</value> <value xid="94">14.55</value> <value xid="95">14.55</value></graph><graph gid="2"> <value xid="0">14.07</value> <value xid="1">14.07</value> <value xid="2">14.07</value> <value xid="3">14.07</value> <value xid="4">13.21</value> <value xid="5">13.21</value> <value xid="6">13.21</value> <value xid="7">13.21</value> <value xid="8">12.54</value> <value xid="9">12.54</value> <value xid="10">12.54</value> <value xid="11">12.54</value> <value xid="12">12.7</value> <value xid="13">12.7</value> <value xid="14">12.7</value> <value xid="15">12.7</value> <value xid="16">12.87</value> <value xid="17">12.87</value> <value xid="18">12.87</value> <value xid="19">12.87</value> <value xid="20">15.67</value> <value xid="21">15.67</value> <value xid="22">15.67</value> <value xid="23">15.67</value> <value xid="24">18.58</value> <value xid="25">18.58</value> <value xid="26">18.58</value> <value xid="27">18.58</value> <value xid="28">20.22</value> <value xid="29">20.22</value> <value xid="30">20.22</value> <value xid="31">20.22</value> <value xid="32">22.83</value> <value xid="33">22.83</value> <value xid="34">22.83</value> <value xid="35">22.83</value> <value xid="36">23.2</value> <value xid="37">23.2</value> <value xid="38">23.2</value> <value xid="39">23.2</value> <value xid="40">23.42</value> <value xid="41">23.42</value> <value xid="42">23.42</value> <value xid="43">23.42</value> <value xid="44">24.36</value> <value xid="45">24.36</value> <value xid="46">24.36</value> <value xid="47">24.36</value> <value xid="48">24.76</value> <value xid="49">24.76</value> <value xid="50">24.76</value> <value xid="51">24.76</value> <value xid="52">24.36</value> <value xid="53">24.36</value> <value xid="54">24.36</value> <value xid="55">24.36</value> <value xid="56">23.73</value> <value xid="57">23.73</value> <value xid="58">23.73</value> <value xid="59">23.73</value> <value xid="60">22.86</value> <value xid="61">22.86</value> <value xid="62">22.86</value> <value xid="63">22.86</value> <value xid="64">22.32</value> <value xid="65">22.32</value> <value xid="66">22.32</value> <value xid="67">22.32</value> <value xid="68">20.72</value> <value xid="69">20.72</value> <value xid="70">20.72</value> <value xid="71">20.72</value> <value xid="72">20.45</value> <value xid="73">20.45</value> <value xid="74">20.45</value> <value xid="75">20.45</value> <value xid="76">16.85</value> <value xid="77">16.85</value> <value xid="78">16.85</value> <value xid="79">16.85</value> <value xid="80">16.5</value> <value xid="81">16.5</value> <value xid="82">16.5</value> <value xid="83">16.5</value> <value xid="84">16.13</value> <value xid="85">16.13</value> <value xid="86">16.13</value> <value xid="87">16.13</value> <value xid="88">14.46</value> <value xid="89">14.46</value> <value xid="90">14.46</value> <value xid="91">14.46</value> <value xid="92">14.17</value> <value xid="93">14.17</value> <value xid="94">14.17</value> <value xid="95">14.17</value></graph><graph gid="3"> <value xid="0">14.13</value> <value xid="1">14.13</value> <value xid="2">14.13</value> <value xid="3">14.13</value> <value xid="4">13.15</value> <value xid="5">13.15</value> <value xid="6">13.15</value> <value xid="7">13.15</value> <value xid="8">12.52</value> <value xid="9">12.52</value> <value xid="10">12.52</value> <value xid="11">12.52</value> <value xid="12">12.72</value> <value xid="13">12.72</value> <value xid="14">12.72</value> <value xid="15">12.72</value> <value xid="16">13.16</value> <value xid="17">13.16</value> <value xid="18">13.16</value> <value xid="19">13.16</value> <value xid="20">16.39</value> <value xid="21">16.39</value> <value xid="22">16.39</value> <value xid="23">16.39</value> <value xid="24">19.23</value> <value xid="25">19.23</value> <value xid="26">19.23</value> <value xid="27">19.23</value> <value xid="28">20.36</value> <value xid="29">20.36</value> <value xid="30">20.36</value> <value xid="31">20.36</value> <value xid="32">22.88</value> <value xid="33">22.88</value> <value xid="34">22.88</value> <value xid="35">22.88</value> <value xid="36">23.69</value> <value xid="37">23.69</value> <value xid="38">23.69</value> <value xid="39">23.69</value> <value xid="40">23.97</value> <value xid="41">23.97</value> <value xid="42">23.97</value> <value xid="43">23.97</value> <value xid="44">24.96</value> <value xid="45">24.96</value> <value xid="46">24.96</value> <value xid="47">24.96</value> <value xid="48">25.16</value> <value xid="49">25.16</value> <value xid="50">25.16</value> <value xid="51">25.16</value> <value xid="52">24.47</value> <value xid="53">24.47</value> <value xid="54">24.47</value> <value xid="55">24.47</value> <value xid="56">23.55</value> <value xid="57">23.55</value> <value xid="58">23.55</value> <value xid="59">23.55</value> <value xid="60">23.01</value> <value xid="61">23.01</value> <value xid="62">23.01</value> <value xid="63">23.01</value> <value xid="64">22.63</value> <value xid="65">22.63</value> <value xid="66">22.63</value> <value xid="67">22.63</value> <value xid="68">21.1</value> <value xid="69">21.1</value> <value xid="70">21.1</value> <value xid="71">21.1</value> <value xid="72">20.85</value> <value xid="73">20.85</value> <value xid="74">20.85</value> <value xid="75">20.85</value> <value xid="76">17.39</value> <value xid="77">17.39</value> <value xid="78">17.39</value> <value xid="79">17.39</value> <value xid="80">16.88</value> <value xid="81">16.88</value> <value xid="82">16.88</value> <value xid="83">16.88</value> <value xid="84">16.44</value> <value xid="85">16.44</value> <value xid="86">16.44</value> <value xid="87">16.44</value> <value xid="88">14.78</value> <value xid="89">14.78</value> <value xid="90">14.78</value> <value xid="91">14.78</value> <value xid="92">14.55</value> <value xid="93">14.55</value> <value xid="94">14.55</value> <value xid="95">14.55</value></graph><graph gid="4"> <value xid="0">14.39</value> <value xid="1">14.39</value> <value xid="2">14.39</value> <value xid="3">14.39</value> <value xid="4">13.36</value> <value xid="5">13.36</value> <value xid="6">13.36</value> <value xid="7">13.36</value> <value xid="8">12.8</value> <value xid="9">12.8</value> <value xid="10">12.8</value> <value xid="11">12.8</value> <value xid="12">12.77</value> <value xid="13">12.77</value> <value xid="14">12.77</value> <value xid="15">12.77</value> <value xid="16">12.92</value> <value xid="17">12.92</value> <value xid="18">12.92</value> <value xid="19">12.92</value> <value xid="20">16.35</value> <value xid="21">16.35</value> <value xid="22">16.35</value> <value xid="23">16.35</value> <value xid="24">19.29</value> <value xid="25">19.29</value> <value xid="26">19.29</value> <value xid="27">19.29</value> <value xid="28">20.68</value> <value xid="29">20.68</value> <value xid="30">20.68</value> <value xid="31">20.68</value> <value xid="32">23.23</value> <value xid="33">23.23</value> <value xid="34">23.23</value> <value xid="35">23.23</value> <value xid="36">24.64</value> <value xid="37">24.64</value> <value xid="38">24.64</value> <value xid="39">24.64</value> <value xid="40">25.72</value> <value xid="41">25.72</value> <value xid="42">25.72</value> <value xid="43">25.72</value> <value xid="44">26.89</value> <value xid="45">26.89</value> <value xid="46">26.89</value> <value xid="47">26.89</value> <value xid="48">27.14</value> <value xid="49">27.14</value> <value xid="50">27.14</value> <value xid="51">27.14</value> <value xid="52">26.73</value> <value xid="53">26.73</value> <value xid="54">26.73</value> <value xid="55">26.73</value> <value xid="56">26.25</value> <value xid="57">26.25</value> <value xid="58">26.25</value> <value xid="59">26.25</value> <value xid="60">25.58</value> <value xid="61">25.58</value> <value xid="62">25.58</value> <value xid="63">25.58</value> <value xid="64">24.95</value> <value xid="65">24.95</value> <value xid="66">24.95</value> <value xid="67">24.95</value> <value xid="68">24.03</value> <value xid="69">24.03</value> <value xid="70">24.03</value> <value xid="71">24.03</value> <value xid="72">23.55</value> <value xid="73">23.55</value> <value xid="74">23.55</value> <value xid="75">23.55</value> <value xid="76">17.43</value> <value xid="77">17.43</value> <value xid="78">17.43</value> <value xid="79">17.43</value> <value xid="80">16.65</value> <value xid="81">16.65</value> <value xid="82">16.65</value> <value xid="83">16.65</value> <value xid="84">16.21</value> <value xid="85">16.21</value> <value xid="86">16.21</value> <value xid="87">16.21</value> <value xid="88">14.72</value> <value xid="89">14.72</value> <value xid="90">14.72</value> <value xid="91">14.72</value> <value xid="92">14.44</value> <value xid="93">14.44</value> <value xid="94">14.44</value> <value xid="95">14.44</value></graph><graph gid="5"> <value xid="0">14.31</value> <value xid="1">14.31</value> <value xid="2">14.31</value> <value xid="3">14.31</value> <value xid="4">13.48</value> <value xid="5">13.48</value> <value xid="6">13.48</value> <value xid="7">13.48</value> <value xid="8">12.85</value> <value xid="9">12.85</value> <value xid="10">12.85</value> <value xid="11">12.85</value> <value xid="12">12.89</value> <value xid="13">12.89</value> <value xid="14">12.89</value> <value xid="15">12.89</value> <value xid="16">13.2</value> <value xid="17">13.2</value> <value xid="18">13.2</value> <value xid="19">13.2</value> <value xid="20">16.46</value> <value xid="21">16.46</value> <value xid="22">16.46</value> <value xid="23">16.46</value> <value xid="24">18.76</value> <value xid="25">18.76</value> <value xid="26">18.76</value> <value xid="27">18.76</value> <value xid="28">19.83</value> <value xid="29">19.83</value> <value xid="30">19.83</value> <value xid="31">19.83</value> <value xid="32">22.7</value> <value xid="33">22.7</value> <value xid="34">22.7</value> <value xid="35">22.7</value> <value xid="36">23.69</value> <value xid="37">23.69</value> <value xid="38">23.69</value> <value xid="39">23.69</value> <value xid="40">24.2</value> <value xid="41">24.2</value> <value xid="42">24.2</value> <value xid="43">24.2</value> <value xid="44">25.82</value> <value xid="45">25.82</value> <value xid="46">25.82</value> <value xid="47">25.82</value> <value xid="48">26.17</value> <value xid="49">26.17</value> <value xid="50">26.17</value> <value xid="51">26.17</value> <value xid="52">25.67</value> <value xid="53">25.67</value> <value xid="54">25.67</value> <value xid="55">25.67</value> <value xid="56">25.19</value> <value xid="57">25.19</value> <value xid="58">25.19</value> <value xid="59">25.19</value> <value xid="60">24.74</value> <value xid="61">24.74</value> <value xid="62">24.74</value> <value xid="63">24.74</value> <value xid="64">24.19</value> <value xid="65">24.19</value> <value xid="66">24.19</value> <value xid="67">24.19</value> <value xid="68">22.55</value> <value xid="69">22.55</value> <value xid="70">22.55</value> <value xid="71">22.55</value> <value xid="72">22.38</value> <value xid="73">22.38</value> <value xid="74">22.38</value> <value xid="75">22.38</value> <value xid="76">16.78</value> <value xid="77">16.78</value> <value xid="78">16.78</value> <value xid="79">16.78</value> <value xid="80">16.4</value> <value xid="81">16.4</value> <value xid="82">16.4</value> <value xid="83">16.4</value> <value xid="84">16.09</value> <value xid="85">16.09</value> <value xid="86">16.09</value> <value xid="87">16.09</value> <value xid="88">14.41</value> <value xid="89">14.41</value> <value xid="90">14.41</value> <value xid="91">14.41</value> <value xid="92">14.08</value> <value xid="93">14.08</value> <value xid="94">14.08</value> <value xid="95">14.08</value></graph><graph gid="6"> <value xid="0">13.75</value> <value xid="1">13.75</value> <value xid="2">13.75</value> <value xid="3">13.75</value> <value xid="4">12.88</value> <value xid="5">12.88</value> <value xid="6">12.88</value> <value xid="7">12.88</value> <value xid="8">12.28</value> <value xid="9">12.28</value> <value xid="10">12.28</value> <value xid="11">12.28</value> <value xid="12">12.44</value> <value xid="13">12.44</value> <value xid="14">12.44</value> <value xid="15">12.44</value> <value xid="16">12.74</value> <value xid="17">12.74</value> <value xid="18">12.74</value> <value xid="19">12.74</value> <value xid="20">12.6</value> <value xid="21">12.6</value> <value xid="22">12.6</value> <value xid="23">12.6</value> <value xid="24">15.81</value> <value xid="25">15.81</value> <value xid="26">15.81</value> <value xid="27">15.81</value> <value xid="28">17.36</value> <value xid="29">17.36</value> <value xid="30">17.36</value> <value xid="31">17.36</value> <value xid="32">18.43</value> <value xid="33">18.43</value> <value xid="34">18.43</value> <value xid="35">18.43</value> <value xid="36">20.42</value> <value xid="37">20.42</value> <value xid="38">20.42</value> <value xid="39">20.42</value> <value xid="40">20.15</value> <value xid="41">20.15</value> <value xid="42">20.15</value> <value xid="43">20.15</value> <value xid="44">20.33</value> <value xid="45">20.33</value> <value xid="46">20.33</value> <value xid="47">20.33</value> <value xid="48">22.3</value> <value xid="49">22.3</value> <value xid="50">22.3</value> <value xid="51">22.3</value> <value xid="52">22.63</value> <value xid="53">22.63</value> <value xid="54">22.63</value> <value xid="55">22.63</value> <value xid="56">22.41</value> <value xid="57">22.41</value> <value xid="58">22.41</value> <value xid="59">22.41</value> <value xid="60">22.76</value> <value xid="61">22.76</value> <value xid="62">22.76</value> <value xid="63">22.76</value> <value xid="64">22.92</value> <value xid="65">22.92</value> <value xid="66">22.92</value> <value xid="67">22.92</value> <value xid="68">22.89</value> <value xid="69">22.89</value> <value xid="70">22.89</value> <value xid="71">22.89</value> <value xid="72">21.21</value> <value xid="73">21.21</value> <value xid="74">21.21</value> <value xid="75">21.21</value> <value xid="76">16.42</value> <value xid="77">16.42</value> <value xid="78">16.42</value> <value xid="79">16.42</value> <value xid="80">16.19</value> <value xid="81">16.19</value> <value xid="82">16.19</value> <value xid="83">16.19</value> <value xid="84">16.1</value> <value xid="85">16.1</value> <value xid="86">16.1</value> <value xid="87">16.1</value> <value xid="88">15.81</value> <value xid="89">15.81</value> <value xid="90">15.81</value> <value xid="91">15.81</value> <value xid="92">14.07</value> <value xid="93">14.07</value> <value xid="94">14.07</value> <value xid="95">14.07</value></graph><graph gid="7"> <value xid="0">12.46</value> <value xid="1">12.46</value> <value xid="2">12.46</value> <value xid="3">12.46</value> <value xid="4">12.25</value> <value xid="5">12.25</value> <value xid="6">12.25</value> <value xid="7">12.25</value> <value xid="8">12.27</value> <value xid="9">12.27</value> <value xid="10">12.27</value> <value xid="11">12.27</value> <value xid="12">12.18</value> <value xid="13">12.18</value> <value xid="14">12.18</value> <value xid="15">12.18</value> <value xid="16">12.21</value> <value xid="17">12.21</value> <value xid="18">12.21</value> <value xid="19">12.21</value> <value xid="20">12.94</value> <value xid="21">12.94</value> <value xid="22">12.94</value> <value xid="23">12.94</value> <value xid="24">13.26</value> <value xid="25">13.26</value> <value xid="26">13.26</value> <value xid="27">13.26</value> <value xid="28">12.71</value> <value xid="29">12.71</value> <value xid="30">12.71</value> <value xid="31">12.71</value> <value xid="32">14.58</value> <value xid="33">14.58</value> <value xid="34">14.58</value> <value xid="35">14.58</value> <value xid="36">14.77</value> <value xid="37">14.77</value> <value xid="38">14.77</value> <value xid="39">14.77</value> <value xid="40">15</value> <value xid="41">15</value> <value xid="42">15</value> <value xid="43">15</value> <value xid="44">15.05</value> <value xid="45">15.05</value> <value xid="46">15.05</value> <value xid="47">15.05</value> <value xid="48">15.03</value> <value xid="49">15.03</value> <value xid="50">15.03</value> <value xid="51">15.03</value> <value xid="52">14.92</value> <value xid="53">14.92</value> <value xid="54">14.92</value> <value xid="55">14.92</value> <value xid="56">14.98</value> <value xid="57">14.98</value> <value xid="58">14.98</value> <value xid="59">14.98</value> <value xid="60">14.92</value> <value xid="61">14.92</value> <value xid="62">14.92</value> <value xid="63">14.92</value> <value xid="64">15.36</value> <value xid="65">15.36</value> <value xid="66">15.36</value> <value xid="67">15.36</value> <value xid="68">16.41</value> <value xid="69">16.41</value> <value xid="70">16.41</value> <value xid="71">16.41</value> <value xid="72">16.04</value> <value xid="73">16.04</value> <value xid="74">16.04</value> <value xid="75">16.04</value> <value xid="76">14.71</value> <value xid="77">14.71</value> <value xid="78">14.71</value> <value xid="79">14.71</value> <value xid="80">14.71</value> <value xid="81">14.71</value> <value xid="82">14.71</value> <value xid="83">14.71</value> <value xid="84">14.37</value> <value xid="85">14.37</value> <value xid="86">14.37</value> <value xid="87">14.37</value> <value xid="88">12.32</value> <value xid="89">12.32</value> <value xid="90">12.32</value> <value xid="91">12.32</value> <value xid="92">12.54</value> <value xid="93">12.54</value> <value xid="94">12.54</value> <value xid="95">12.54</value></graph></graphs></chart>