<chart><series><value xid="0">0:15</value><value xid="1">0:30</value><value xid="2">0:45</value><value xid="3">1:00</value><value xid="4">1:15</value><value xid="5">1:30</value><value xid="6">1:45</value><value xid="7">2:00</value><value xid="8">2:15</value><value xid="9">2:30</value><value xid="10">2:45</value><value xid="11">3:00</value><value xid="12">3:15</value><value xid="13">3:30</value><value xid="14">3:45</value><value xid="15">4:00</value><value xid="16">4:15</value><value xid="17">4:30</value><value xid="18">4:45</value><value xid="19">5:00</value><value xid="20">5:15</value><value xid="21">5:30</value><value xid="22">5:45</value><value xid="23">6:00</value><value xid="24">6:15</value><value xid="25">6:30</value><value xid="26">6:45</value><value xid="27">7:00</value><value xid="28">7:15</value><value xid="29">7:30</value><value xid="30">7:45</value><value xid="31">8:00</value><value xid="32">8:15</value><value xid="33">8:30</value><value xid="34">8:45</value><value xid="35">9:00</value><value xid="36">9:15</value><value xid="37">9:30</value><value xid="38">9:45</value><value xid="39">10:00</value><value xid="40">10:15</value><value xid="41">10:30</value><value xid="42">10:45</value><value xid="43">11:00</value><value xid="44">11:15</value><value xid="45">11:30</value><value xid="46">11:45</value><value xid="47">12:00</value><value xid="48">12:15</value><value xid="49">12:30</value><value xid="50">12:45</value><value xid="51">13:00</value><value xid="52">13:15</value><value xid="53">13:30</value><value xid="54">13:45</value><value xid="55">14:00</value><value xid="56">14:15</value><value xid="57">14:30</value><value xid="58">14:45</value><value xid="59">15:00</value><value xid="60">15:15</value><value xid="61">15:30</value><value xid="62">15:45</value><value xid="63">16:00</value><value xid="64">16:15</value><value xid="65">16:30</value><value xid="66">16:45</value><value xid="67">17:00</value><value xid="68">17:15</value><value xid="69">17:30</value><value xid="70">17:45</value><value xid="71">18:00</value><value xid="72">18:15</value><value xid="73">18:30</value><value xid="74">18:45</value><value xid="75">19:00</value><value xid="76">19:15</value><value xid="77">19:30</value><value xid="78">19:45</value><value xid="79">20:00</value><value xid="80">20:15</value><value xid="81">20:30</value><value xid="82">20:45</value><value xid="83">21:00</value><value xid="84">21:15</value><value xid="85">21:30</value><value xid="86">21:45</value><value xid="87">22:00</value><value xid="88">22:15</value><value xid="89">22:30</value><value xid="90">22:45</value><value xid="91">23:00</value><value xid="92">23:15</value><value xid="93">23:30</value><value xid="94">23:45</value><value xid="95">0:00</value></series><graphs><graph gid="0"> <value xid="0">15.2</value> <value xid="1">15.2</value> <value xid="2">15.2</value> <value xid="3">15.2</value> <value xid="4">14.56</value> <value xid="5">14.56</value> <value xid="6">14.56</value> <value xid="7">14.56</value> <value xid="8">14.56</value> <value xid="9">14.56</value> <value xid="10">14.56</value> <value xid="11">14.56</value> <value xid="12">14.88</value> <value xid="13">14.88</value> <value xid="14">14.88</value> <value xid="15">14.88</value> <value xid="16">14.24</value> <value xid="17">14.24</value> <value xid="18">14.24</value> <value xid="19">14.24</value> <value xid="20">18.08</value> <value xid="21">18.08</value> <value xid="22">18.08</value> <value xid="23">18.08</value> <value xid="24">20.16</value> <value xid="25">20.16</value> <value xid="26">20.16</value> <value xid="27">20.16</value> <value xid="28">21.6</value> <value xid="29">21.6</value> <value xid="30">21.6</value> <value xid="31">21.6</value> <value xid="32">24.64</value> <value xid="33">24.64</value> <value xid="34">24.64</value> <value xid="35">24.64</value> <value xid="36">26.24</value> <value xid="37">26.24</value> <value xid="38">26.24</value> <value xid="39">26.24</value> <value xid="40">25.92</value> <value xid="41">25.92</value> <value xid="42">25.92</value> <value xid="43">25.92</value> <value xid="44">26.08</value> <value xid="45">26.08</value> <value xid="46">26.08</value> <value xid="47">26.08</value> <value xid="48">26.24</value> <value xid="49">26.24</value> <value xid="50">26.24</value> <value xid="51">26.24</value> <value xid="52">26.08</value> <value xid="53">26.08</value> <value xid="54">26.08</value> <value xid="55">26.08</value> <value xid="56">26.4</value> <value xid="57">26.4</value> <value xid="58">26.4</value> <value xid="59">26.4</value> <value xid="60">25.76</value> <value xid="61">25.76</value> <value xid="62">25.76</value> <value xid="63">25.76</value> <value xid="64">24.8</value> <value xid="65">24.8</value> <value xid="66">24.8</value> <value xid="67">24.8</value> <value xid="68">22.88</value> <value xid="69">22.88</value> <value xid="70">22.88</value> <value xid="71">22.88</value> <value xid="72">22.4</value> <value xid="73">22.4</value> <value xid="74">22.4</value> <value xid="75">22.4</value> <value xid="76">18.08</value> <value xid="77">18.08</value> <value xid="78">18.08</value> <value xid="79">18.08</value> <value xid="80">18.4</value> <value xid="81">18.4</value> <value xid="82">18.4</value> <value xid="83">18.4</value> <value xid="84">18.08</value> <value xid="85">18.08</value> <value xid="86">18.08</value> <value xid="87">18.08</value> <value xid="88">14.72</value> <value xid="89">14.72</value> <value xid="90">14.72</value> <value xid="91">14.72</value> <value xid="92">14.72</value> <value xid="93">14.72</value> <value xid="94">14.72</value> <value xid="95">14.72</value></graph><graph gid="1"> <value xid="0">14.72</value> <value xid="1">14.72</value> <value xid="2">14.72</value> <value xid="3">14.72</value> <value xid="4">14.72</value> <value xid="5">14.72</value> <value xid="6">14.72</value> <value xid="7">14.72</value> <value xid="8">14.72</value> <value xid="9">14.72</value> <value xid="10">14.72</value> <value xid="11">14.72</value> <value xid="12">14.56</value> <value xid="13">14.56</value> <value xid="14">14.56</value> <value xid="15">14.56</value> <value xid="16">14.4</value> <value xid="17">14.4</value> <value xid="18">14.4</value> <value xid="19">14.4</value> <value xid="20">16.48</value> <value xid="21">16.48</value> <value xid="22">16.48</value> <value xid="23">16.48</value> <value xid="24">20.96</value> <value xid="25">20.96</value> <value xid="26">20.96</value> <value xid="27">20.96</value> <value xid="28">22.56</value> <value xid="29">22.56</value> <value xid="30">22.56</value> <value xid="31">22.56</value> <value xid="32">27.52</value> <value xid="33">27.52</value> <value xid="34">27.52</value> <value xid="35">27.52</value> <value xid="36">30.24</value> <value xid="37">30.24</value> <value xid="38">30.24</value> <value xid="39">30.24</value> <value xid="40">29.44</value> <value xid="41">29.44</value> <value xid="42">29.44</value> <value xid="43">29.44</value> <value xid="44">28.96</value> <value xid="45">28.96</value> <value xid="46">28.96</value> <value xid="47">28.96</value> <value xid="48">28.64</value> <value xid="49">28.64</value> <value xid="50">28.64</value> <value xid="51">28.64</value> <value xid="52">27.04</value> <value xid="53">27.04</value> <value xid="54">27.04</value> <value xid="55">27.04</value> <value xid="56">26.08</value> <value xid="57">26.08</value> <value xid="58">26.08</value> <value xid="59">26.08</value> <value xid="60">26.24</value> <value xid="61">26.24</value> <value xid="62">26.24</value> <value xid="63">26.24</value> <value xid="64">26.24</value> <value xid="65">26.24</value> <value xid="66">26.24</value> <value xid="67">26.24</value> <value xid="68">23.52</value> <value xid="69">23.52</value> <value xid="70">23.52</value> <value xid="71">23.52</value> <value xid="72">21.6</value> <value xid="73">21.6</value> <value xid="74">21.6</value> <value xid="75">21.6</value> <value xid="76">18.08</value> <value xid="77">18.08</value> <value xid="78">18.08</value> <value xid="79">18.08</value> <value xid="80">17.6</value> <value xid="81">17.6</value> <value xid="82">17.6</value> <value xid="83">17.6</value> <value xid="84">16.8</value> <value xid="85">16.8</value> <value xid="86">16.8</value> <value xid="87">16.8</value> <value xid="88">14.08</value> <value xid="89">14.08</value> <value xid="90">14.08</value> <value xid="91">14.08</value> <value xid="92">13.76</value> <value xid="93">13.76</value> <value xid="94">13.76</value> <value xid="95">13.76</value></graph><graph gid="2"> <value xid="0">15.84</value> <value xid="1">15.84</value> <value xid="2">15.84</value> <value xid="3">15.84</value> <value xid="4">15.68</value> <value xid="5">15.68</value> <value xid="6">15.68</value> <value xid="7">15.68</value> <value xid="8">15.2</value> <value xid="9">15.2</value> <value xid="10">15.2</value> <value xid="11">15.2</value> <value xid="12">15.52</value> <value xid="13">15.52</value> <value xid="14">15.52</value> <value xid="15">15.52</value> <value xid="16">15.52</value> <value xid="17">15.52</value> <value xid="18">15.52</value> <value xid="19">15.52</value> <value xid="20">18.56</value> <value xid="21">18.56</value> <value xid="22">18.56</value> <value xid="23">18.56</value> <value xid="24">20.16</value> <value xid="25">20.16</value> <value xid="26">20.16</value> <value xid="27">20.16</value> <value xid="28">23.04</value> <value xid="29">23.04</value> <value xid="30">23.04</value> <value xid="31">23.04</value> <value xid="32">26.72</value> <value xid="33">26.72</value> <value xid="34">26.72</value> <value xid="35">26.72</value> <value xid="36">28</value> <value xid="37">28</value> <value xid="38">28</value> <value xid="39">28</value> <value xid="40">27.84</value> <value xid="41">27.84</value> <value xid="42">27.84</value> <value xid="43">27.84</value> <value xid="44">27.84</value> <value xid="45">27.84</value> <value xid="46">27.84</value> <value xid="47">27.84</value> <value xid="48">25.28</value> <value xid="49">25.28</value> <value xid="50">25.28</value> <value xid="51">25.28</value> <value xid="52">25.12</value> <value xid="53">25.12</value> <value xid="54">25.12</value> <value xid="55">25.12</value> <value xid="56">24.8</value> <value xid="57">24.8</value> <value xid="58">24.8</value> <value xid="59">24.8</value> <value xid="60">24.8</value> <value xid="61">24.8</value> <value xid="62">24.8</value> <value xid="63">24.8</value> <value xid="64">25.28</value> <value xid="65">25.28</value> <value xid="66">25.28</value> <value xid="67">25.28</value> <value xid="68">23.52</value> <value xid="69">23.52</value> <value xid="70">23.52</value> <value xid="71">23.52</value> <value xid="72">23.2</value> <value xid="73">23.2</value> <value xid="74">23.2</value> <value xid="75">23.2</value> <value xid="76">22.08</value> <value xid="77">22.08</value> <value xid="78">22.08</value> <value xid="79">22.08</value> <value xid="80">18.88</value> <value xid="81">18.88</value> <value xid="82">18.88</value> <value xid="83">18.88</value> <value xid="84">18.24</value> <value xid="85">18.24</value> <value xid="86">18.24</value> <value xid="87">18.24</value> <value xid="88">15.52</value> <value xid="89">15.52</value> <value xid="90">15.52</value> <value xid="91">15.52</value> <value xid="92">15.52</value> <value xid="93">15.52</value> <value xid="94">15.52</value> <value xid="95">15.52</value></graph><graph gid="3"> <value xid="0">14.88</value> <value xid="1">14.88</value> <value xid="2">14.88</value> <value xid="3">14.88</value> <value xid="4">14.4</value> <value xid="5">14.4</value> <value xid="6">14.4</value> <value xid="7">14.4</value> <value xid="8">14.24</value> <value xid="9">14.24</value> <value xid="10">14.24</value> <value xid="11">14.24</value> <value xid="12">14.4</value> <value xid="13">14.4</value> <value xid="14">14.4</value> <value xid="15">14.4</value> <value xid="16">14.24</value> <value xid="17">14.24</value> <value xid="18">14.24</value> <value xid="19">14.24</value> <value xid="20">16.48</value> <value xid="21">16.48</value> <value xid="22">16.48</value> <value xid="23">16.48</value> <value xid="24">19.52</value> <value xid="25">19.52</value> <value xid="26">19.52</value> <value xid="27">19.52</value> <value xid="28">23.04</value> <value xid="29">23.04</value> <value xid="30">23.04</value> <value xid="31">23.04</value> <value xid="32">27.2</value> <value xid="33">27.2</value> <value xid="34">27.2</value> <value xid="35">27.2</value> <value xid="36">28.48</value> <value xid="37">28.48</value> <value xid="38">28.48</value> <value xid="39">28.48</value> <value xid="40">27.2</value> <value xid="41">27.2</value> <value xid="42">27.2</value> <value xid="43">27.2</value> <value xid="44">26.72</value> <value xid="45">26.72</value> <value xid="46">26.72</value> <value xid="47">26.72</value> <value xid="48">26.72</value> <value xid="49">26.72</value> <value xid="50">26.72</value> <value xid="51">26.72</value> <value xid="52">27.04</value> <value xid="53">27.04</value> <value xid="54">27.04</value> <value xid="55">27.04</value> <value xid="56">27.2</value> <value xid="57">27.2</value> <value xid="58">27.2</value> <value xid="59">27.2</value> <value xid="60">26.08</value> <value xid="61">26.08</value> <value xid="62">26.08</value> <value xid="63">26.08</value> <value xid="64">24.64</value> <value xid="65">24.64</value> <value xid="66">24.64</value> <value xid="67">24.64</value> <value xid="68">22.24</value> <value xid="69">22.24</value> <value xid="70">22.24</value> <value xid="71">22.24</value> <value xid="72">22.56</value> <value xid="73">22.56</value> <value xid="74">22.56</value> <value xid="75">22.56</value> <value xid="76">20.16</value> <value xid="77">20.16</value> <value xid="78">20.16</value> <value xid="79">20.16</value> <value xid="80">18.24</value> <value xid="81">18.24</value> <value xid="82">18.24</value> <value xid="83">18.24</value> <value xid="84">17.6</value> <value xid="85">17.6</value> <value xid="86">17.6</value> <value xid="87">17.6</value> <value xid="88">15.04</value> <value xid="89">15.04</value> <value xid="90">15.04</value> <value xid="91">15.04</value> <value xid="92">14.88</value> <value xid="93">14.88</value> <value xid="94">14.88</value> <value xid="95">14.88</value></graph><graph gid="4"> <value xid="0">13.76</value> <value xid="1">13.76</value> <value xid="2">13.76</value> <value xid="3">13.76</value> <value xid="4">13.6</value> <value xid="5">13.6</value> <value xid="6">13.6</value> <value xid="7">13.6</value> <value xid="8">13.76</value> <value xid="9">13.76</value> <value xid="10">13.76</value> <value xid="11">13.76</value> <value xid="12">13.76</value> <value xid="13">13.76</value> <value xid="14">13.76</value> <value xid="15">13.76</value> <value xid="16">13.44</value> <value xid="17">13.44</value> <value xid="18">13.44</value> <value xid="19">13.44</value> <value xid="20">15.68</value> <value xid="21">15.68</value> <value xid="22">15.68</value> <value xid="23">15.68</value> <value xid="24">19.52</value> <value xid="25">19.52</value> <value xid="26">19.52</value> <value xid="27">19.52</value> <value xid="28">20.8</value> <value xid="29">20.8</value> <value xid="30">20.8</value> <value xid="31">20.8</value> <value xid="32">26.4</value> <value xid="33">26.4</value> <value xid="34">26.4</value> <value xid="35">26.4</value> <value xid="36">27.36</value> <value xid="37">27.36</value> <value xid="38">27.36</value> <value xid="39">27.36</value> <value xid="40">28.32</value> <value xid="41">28.32</value> <value xid="42">28.32</value> <value xid="43">28.32</value> <value xid="44">28.48</value> <value xid="45">28.48</value> <value xid="46">28.48</value> <value xid="47">28.48</value> <value xid="48">27.84</value> <value xid="49">27.84</value> <value xid="50">27.84</value> <value xid="51">27.84</value> <value xid="52">28</value> <value xid="53">28</value> <value xid="54">28</value> <value xid="55">28</value> <value xid="56">28.16</value> <value xid="57">28.16</value> <value xid="58">28.16</value> <value xid="59">28.16</value> <value xid="60">28</value> <value xid="61">28</value> <value xid="62">28</value> <value xid="63">28</value> <value xid="64">26.4</value> <value xid="65">26.4</value> <value xid="66">26.4</value> <value xid="67">26.4</value> <value xid="68">22.56</value> <value xid="69">22.56</value> <value xid="70">22.56</value> <value xid="71">22.56</value> <value xid="72">21.28</value> <value xid="73">21.28</value> <value xid="74">21.28</value> <value xid="75">21.28</value> <value xid="76">16.96</value> <value xid="77">16.96</value> <value xid="78">16.96</value> <value xid="79">16.96</value> <value xid="80">17.12</value> <value xid="81">17.12</value> <value xid="82">17.12</value> <value xid="83">17.12</value> <value xid="84">16.32</value> <value xid="85">16.32</value> <value xid="86">16.32</value> <value xid="87">16.32</value> <value xid="88">13.6</value> <value xid="89">13.6</value> <value xid="90">13.6</value> <value xid="91">13.6</value> <value xid="92">13.44</value> <value xid="93">13.44</value> <value xid="94">13.44</value> <value xid="95">13.44</value></graph><graph gid="5"> <value xid="0">15.04</value> <value xid="1">15.04</value> <value xid="2">15.04</value> <value xid="3">15.04</value> <value xid="4">14.88</value> <value xid="5">14.88</value> <value xid="6">14.88</value> <value xid="7">14.88</value> <value xid="8">14.56</value> <value xid="9">14.56</value> <value xid="10">14.56</value> <value xid="11">14.56</value> <value xid="12">14.72</value> <value xid="13">14.72</value> <value xid="14">14.72</value> <value xid="15">14.72</value> <value xid="16">14.88</value> <value xid="17">14.88</value> <value xid="18">14.88</value> <value xid="19">14.88</value> <value xid="20">17.28</value> <value xid="21">17.28</value> <value xid="22">17.28</value> <value xid="23">17.28</value> <value xid="24">19.84</value> <value xid="25">19.84</value> <value xid="26">19.84</value> <value xid="27">19.84</value> <value xid="28">22.24</value> <value xid="29">22.24</value> <value xid="30">22.24</value> <value xid="31">22.24</value> <value xid="32">26.88</value> <value xid="33">26.88</value> <value xid="34">26.88</value> <value xid="35">26.88</value> <value xid="36">28.32</value> <value xid="37">28.32</value> <value xid="38">28.32</value> <value xid="39">28.32</value> <value xid="40">28</value> <value xid="41">28</value> <value xid="42">28</value> <value xid="43">28</value> <value xid="44">26.72</value> <value xid="45">26.72</value> <value xid="46">26.72</value> <value xid="47">26.72</value> <value xid="48">26.72</value> <value xid="49">26.72</value> <value xid="50">26.72</value> <value xid="51">26.72</value> <value xid="52">26.08</value> <value xid="53">26.08</value> <value xid="54">26.08</value> <value xid="55">26.08</value> <value xid="56">25.28</value> <value xid="57">25.28</value> <value xid="58">25.28</value> <value xid="59">25.28</value> <value xid="60">25.12</value> <value xid="61">25.12</value> <value xid="62">25.12</value> <value xid="63">25.12</value> <value xid="64">24.8</value> <value xid="65">24.8</value> <value xid="66">24.8</value> <value xid="67">24.8</value> <value xid="68">20.96</value> <value xid="69">20.96</value> <value xid="70">20.96</value> <value xid="71">20.96</value> <value xid="72">22.56</value> <value xid="73">22.56</value> <value xid="74">22.56</value> <value xid="75">22.56</value> <value xid="76">21.12</value> <value xid="77">21.12</value> <value xid="78">21.12</value> <value xid="79">21.12</value> <value xid="80">18.08</value> <value xid="81">18.08</value> <value xid="82">18.08</value> <value xid="83">18.08</value> <value xid="84">17.76</value> <value xid="85">17.76</value> <value xid="86">17.76</value> <value xid="87">17.76</value> <value xid="88">14.88</value> <value xid="89">14.88</value> <value xid="90">14.88</value> <value xid="91">14.88</value> <value xid="92">14.88</value> <value xid="93">14.88</value> <value xid="94">14.88</value> <value xid="95">14.88</value></graph><graph gid="6"> <value xid="0">14.56</value> <value xid="1">14.56</value> <value xid="2">14.56</value> <value xid="3">14.56</value> <value xid="4">14.4</value> <value xid="5">14.4</value> <value xid="6">14.4</value> <value xid="7">14.4</value> <value xid="8">14.56</value> <value xid="9">14.56</value> <value xid="10">14.56</value> <value xid="11">14.56</value> <value xid="12">14.24</value> <value xid="13">14.24</value> <value xid="14">14.24</value> <value xid="15">14.24</value> <value xid="16">14.4</value> <value xid="17">14.4</value> <value xid="18">14.4</value> <value xid="19">14.4</value> <value xid="20">16.64</value> <value xid="21">16.64</value> <value xid="22">16.64</value> <value xid="23">16.64</value> <value xid="24">18.4</value> <value xid="25">18.4</value> <value xid="26">18.4</value> <value xid="27">18.4</value> <value xid="28">21.92</value> <value xid="29">21.92</value> <value xid="30">21.92</value> <value xid="31">21.92</value> <value xid="32">25.6</value> <value xid="33">25.6</value> <value xid="34">25.6</value> <value xid="35">25.6</value> <value xid="36">27.68</value> <value xid="37">27.68</value> <value xid="38">27.68</value> <value xid="39">27.68</value> <value xid="40">27.04</value> <value xid="41">27.04</value> <value xid="42">27.04</value> <value xid="43">27.04</value> <value xid="44">25.92</value> <value xid="45">25.92</value> <value xid="46">25.92</value> <value xid="47">25.92</value> <value xid="48">25.76</value> <value xid="49">25.76</value> <value xid="50">25.76</value> <value xid="51">25.76</value> <value xid="52">25.28</value> <value xid="53">25.28</value> <value xid="54">25.28</value> <value xid="55">25.28</value> <value xid="56">26.08</value> <value xid="57">26.08</value> <value xid="58">26.08</value> <value xid="59">26.08</value> <value xid="60">25.6</value> <value xid="61">25.6</value> <value xid="62">25.6</value> <value xid="63">25.6</value> <value xid="64">24.64</value> <value xid="65">24.64</value> <value xid="66">24.64</value> <value xid="67">24.64</value> <value xid="68">22.56</value> <value xid="69">22.56</value> <value xid="70">22.56</value> <value xid="71">22.56</value> <value xid="72">22.24</value> <value xid="73">22.24</value> <value xid="74">22.24</value> <value xid="75">22.24</value> <value xid="76">20.32</value> <value xid="77">20.32</value> <value xid="78">20.32</value> <value xid="79">20.32</value> <value xid="80">18.08</value> <value xid="81">18.08</value> <value xid="82">18.08</value> <value xid="83">18.08</value> <value xid="84">17.92</value> <value xid="85">17.92</value> <value xid="86">17.92</value> <value xid="87">17.92</value> <value xid="88">14.72</value> <value xid="89">14.72</value> <value xid="90">14.72</value> <value xid="91">14.72</value> <value xid="92">14.88</value> <value xid="93">14.88</value> <value xid="94">14.88</value> <value xid="95">14.88</value></graph><graph gid="7"> <value xid="0">14.72</value> <value xid="1">14.72</value> <value xid="2">14.72</value> <value xid="3">14.72</value> <value xid="4">14.88</value> <value xid="5">14.88</value> <value xid="6">14.88</value> <value xid="7">14.88</value> <value xid="8">14.72</value> <value xid="9">14.72</value> <value xid="10">14.72</value> <value xid="11">14.72</value> <value xid="12">15.04</value> <value xid="13">15.04</value> <value xid="14">15.04</value> <value xid="15">15.04</value> <value xid="16">14.72</value> <value xid="17">14.72</value> <value xid="18">14.72</value> <value xid="19">14.72</value> <value xid="20">17.92</value> <value xid="21">17.92</value> <value xid="22">17.92</value> <value xid="23">17.92</value> <value xid="24">19.36</value> <value xid="25">19.36</value> <value xid="26">19.36</value> <value xid="27">19.36</value> <value xid="28">21.28</value> <value xid="29">21.28</value> <value xid="30">21.28</value> <value xid="31">21.28</value> <value xid="32">25.28</value> <value xid="33">25.28</value> <value xid="34">25.28</value> <value xid="35">25.28</value> <value xid="36">26.08</value> <value xid="37">26.08</value> <value xid="38">26.08</value> <value xid="39">26.08</value> <value xid="40">25.92</value> <value xid="41">25.92</value> <value xid="42">25.92</value> <value xid="43">25.92</value> <value xid="44">25.12</value> <value xid="45">25.12</value> <value xid="46">25.12</value> <value xid="47">25.12</value> <value xid="48">25.92</value> <value xid="49">25.92</value> <value xid="50">25.92</value> <value xid="51">25.92</value> <value xid="52">25.92</value> <value xid="53">25.92</value> <value xid="54">25.92</value> <value xid="55">25.92</value> <value xid="56">25.76</value> <value xid="57">25.76</value> <value xid="58">25.76</value> <value xid="59">25.76</value> <value xid="60">24.8</value> <value xid="61">24.8</value> <value xid="62">24.8</value> <value xid="63">24.8</value> <value xid="64">24</value> <value xid="65">24</value> <value xid="66">24</value> <value xid="67">24</value> <value xid="68">20.48</value> <value xid="69">20.48</value> <value xid="70">20.48</value> <value xid="71">20.48</value> <value xid="72">21.6</value> <value xid="73">21.6</value> <value xid="74">21.6</value> <value xid="75">21.6</value> <value xid="76">18.08</value> <value xid="77">18.08</value> <value xid="78">18.08</value> <value xid="79">18.08</value> <value xid="80">18.08</value> <value xid="81">18.08</value> <value xid="82">18.08</value> <value xid="83">18.08</value> <value xid="84">17.44</value> <value xid="85">17.44</value> <value xid="86">17.44</value> <value xid="87">17.44</value> <value xid="88">14.88</value> <value xid="89">14.88</value> <value xid="90">14.88</value> <value xid="91">14.88</value> <value xid="92">14.72</value> <value xid="93">14.72</value> <value xid="94">14.72</value> <value xid="95">14.72</value></graph><graph gid="8"> <value xid="0">15.36</value> <value xid="1">15.36</value> <value xid="2">15.36</value> <value xid="3">15.36</value> <value xid="4">15.36</value> <value xid="5">15.36</value> <value xid="6">15.36</value> <value xid="7">15.36</value> <value xid="8">15.2</value> <value xid="9">15.2</value> <value xid="10">15.2</value> <value xid="11">15.2</value> <value xid="12">15.52</value> <value xid="13">15.52</value> <value xid="14">15.52</value> <value xid="15">15.52</value> <value xid="16">15.2</value> <value xid="17">15.2</value> <value xid="18">15.2</value> <value xid="19">15.2</value> <value xid="20">16.96</value> <value xid="21">16.96</value> <value xid="22">16.96</value> <value xid="23">16.96</value> <value xid="24">20.48</value> <value xid="25">20.48</value> <value xid="26">20.48</value> <value xid="27">20.48</value> <value xid="28">21.44</value> <value xid="29">21.44</value> <value xid="30">21.44</value> <value xid="31">21.44</value> <value xid="32">25.44</value> <value xid="33">25.44</value> <value xid="34">25.44</value> <value xid="35">25.44</value> <value xid="36">24.64</value> <value xid="37">24.64</value> <value xid="38">24.64</value> <value xid="39">24.64</value> <value xid="40">24.64</value> <value xid="41">24.64</value> <value xid="42">24.64</value> <value xid="43">24.64</value> <value xid="44">26.4</value> <value xid="45">26.4</value> <value xid="46">26.4</value> <value xid="47">26.4</value> <value xid="48">27.68</value> <value xid="49">27.68</value> <value xid="50">27.68</value> <value xid="51">27.68</value> <value xid="52">28.16</value> <value xid="53">28.16</value> <value xid="54">28.16</value> <value xid="55">28.16</value> <value xid="56">27.2</value> <value xid="57">27.2</value> <value xid="58">27.2</value> <value xid="59">27.2</value> <value xid="60">26.72</value> <value xid="61">26.72</value> <value xid="62">26.72</value> <value xid="63">26.72</value> <value xid="64">26.56</value> <value xid="65">26.56</value> <value xid="66">26.56</value> <value xid="67">26.56</value> <value xid="68">22.72</value> <value xid="69">22.72</value> <value xid="70">22.72</value> <value xid="71">22.72</value> <value xid="72">22.08</value> <value xid="73">22.08</value> <value xid="74">22.08</value> <value xid="75">22.08</value> <value xid="76">19.68</value> <value xid="77">19.68</value> <value xid="78">19.68</value> <value xid="79">19.68</value> <value xid="80">18.88</value> <value xid="81">18.88</value> <value xid="82">18.88</value> <value xid="83">18.88</value> <value xid="84">17.44</value> <value xid="85">17.44</value> <value xid="86">17.44</value> <value xid="87">17.44</value> <value xid="88">14.88</value> <value xid="89">14.88</value> <value xid="90">14.88</value> <value xid="91">14.88</value> <value xid="92">14.88</value> <value xid="93">14.88</value> <value xid="94">14.88</value> <value xid="95">14.88</value></graph><graph gid="9"> <value xid="0">15.52</value> <value xid="1">15.52</value> <value xid="2">15.52</value> <value xid="3">15.52</value> <value xid="4">15.52</value> <value xid="5">15.52</value> <value xid="6">15.52</value> <value xid="7">15.52</value> <value xid="8">15.36</value> <value xid="9">15.36</value> <value xid="10">15.36</value> <value xid="11">15.36</value> <value xid="12">15.52</value> <value xid="13">15.52</value> <value xid="14">15.52</value> <value xid="15">15.52</value> <value xid="16">15.36</value> <value xid="17">15.36</value> <value xid="18">15.36</value> <value xid="19">15.36</value> <value xid="20">20.8</value> <value xid="21">20.8</value> <value xid="22">20.8</value> <value xid="23">20.8</value> <value xid="24">20.48</value> <value xid="25">20.48</value> <value xid="26">20.48</value> <value xid="27">20.48</value> <value xid="28">23.04</value> <value xid="29">23.04</value> <value xid="30">23.04</value> <value xid="31">23.04</value> <value xid="32">27.04</value> <value xid="33">27.04</value> <value xid="34">27.04</value> <value xid="35">27.04</value> <value xid="36">27.04</value> <value xid="37">27.04</value> <value xid="38">27.04</value> <value xid="39">27.04</value> <value xid="40">26.56</value> <value xid="41">26.56</value> <value xid="42">26.56</value> <value xid="43">26.56</value> <value xid="44">25.92</value> <value xid="45">25.92</value> <value xid="46">25.92</value> <value xid="47">25.92</value> <value xid="48">26.24</value> <value xid="49">26.24</value> <value xid="50">26.24</value> <value xid="51">26.24</value> <value xid="52">25.28</value> <value xid="53">25.28</value> <value xid="54">25.28</value> <value xid="55">25.28</value> <value xid="56">25.6</value> <value xid="57">25.6</value> <value xid="58">25.6</value> <value xid="59">25.6</value> <value xid="60">24.64</value> <value xid="61">24.64</value> <value xid="62">24.64</value> <value xid="63">24.64</value> <value xid="64">24.16</value> <value xid="65">24.16</value> <value xid="66">24.16</value> <value xid="67">24.16</value> <value xid="68">21.76</value> <value xid="69">21.76</value> <value xid="70">21.76</value> <value xid="71">21.76</value> <value xid="72">22.24</value> <value xid="73">22.24</value> <value xid="74">22.24</value> <value xid="75">22.24</value> <value xid="76">21.92</value> <value xid="77">21.92</value> <value xid="78">21.92</value> <value xid="79">21.92</value> <value xid="80">19.52</value> <value xid="81">19.52</value> <value xid="82">19.52</value> <value xid="83">19.52</value> <value xid="84">18.88</value> <value xid="85">18.88</value> <value xid="86">18.88</value> <value xid="87">18.88</value> <value xid="88">16.32</value> <value xid="89">16.32</value> <value xid="90">16.32</value> <value xid="91">16.32</value> <value xid="92">16.16</value> <value xid="93">16.16</value> <value xid="94">16.16</value> <value xid="95">16.16</value></graph></graphs></chart>