<chart><series><value xid="0">May-11</value><value xid="1">Jun-11</value><value xid="2">Jul-11</value><value xid="3">Aug-11</value><value xid="4">Sep-11</value><value xid="5">Oct-11</value><value xid="6">Nov-11</value><value xid="7">Dec-11</value><value xid="8">Jan-12</value><value xid="9">Feb-12</value><value xid="10">Mar-12</value><value xid="11">Apr-12</value></series><graphs><graph gid="0"><value xid="0">15099</value><value xid="1">14568</value><value xid="2">15378</value><value xid="3">15449</value><value xid="4">13953</value><value xid="5">13360</value><value xid="6">13072</value><value xid="7">13263</value><value xid="8">12819</value><value xid="9">10453</value><value xid="10">10592</value><value xid="11">13500</value></graph> <graph gid="1"><value xid="0">29.44</value><value xid="1">31.36</value><value xid="2">31.04</value><value xid="3">31.68</value><value xid="4">32.16</value><value xid="5">31.2</value><value xid="6">29.12</value><value xid="7">31.04</value><value xid="8">30.08</value><value xid="9">28.64</value><value xid="10">24.8</value><value xid="11">29.44</value></graph> </graphs></chart>