<chart><series><value xid="0">0:15</value><value xid="1">0:30</value><value xid="2">0:45</value><value xid="3">1:00</value><value xid="4">1:15</value><value xid="5">1:30</value><value xid="6">1:45</value><value xid="7">2:00</value><value xid="8">2:15</value><value xid="9">2:30</value><value xid="10">2:45</value><value xid="11">3:00</value><value xid="12">3:15</value><value xid="13">3:30</value><value xid="14">3:45</value><value xid="15">4:00</value><value xid="16">4:15</value><value xid="17">4:30</value><value xid="18">4:45</value><value xid="19">5:00</value><value xid="20">5:15</value><value xid="21">5:30</value><value xid="22">5:45</value><value xid="23">6:00</value><value xid="24">6:15</value><value xid="25">6:30</value><value xid="26">6:45</value><value xid="27">7:00</value><value xid="28">7:15</value><value xid="29">7:30</value><value xid="30">7:45</value><value xid="31">8:00</value><value xid="32">8:15</value><value xid="33">8:30</value><value xid="34">8:45</value><value xid="35">9:00</value><value xid="36">9:15</value><value xid="37">9:30</value><value xid="38">9:45</value><value xid="39">10:00</value><value xid="40">10:15</value><value xid="41">10:30</value><value xid="42">10:45</value><value xid="43">11:00</value><value xid="44">11:15</value><value xid="45">11:30</value><value xid="46">11:45</value><value xid="47">12:00</value><value xid="48">12:15</value><value xid="49">12:30</value><value xid="50">12:45</value><value xid="51">13:00</value><value xid="52">13:15</value><value xid="53">13:30</value><value xid="54">13:45</value><value xid="55">14:00</value><value xid="56">14:15</value><value xid="57">14:30</value><value xid="58">14:45</value><value xid="59">15:00</value><value xid="60">15:15</value><value xid="61">15:30</value><value xid="62">15:45</value><value xid="63">16:00</value><value xid="64">16:15</value><value xid="65">16:30</value><value xid="66">16:45</value><value xid="67">17:00</value><value xid="68">17:15</value><value xid="69">17:30</value><value xid="70">17:45</value><value xid="71">18:00</value><value xid="72">18:15</value><value xid="73">18:30</value><value xid="74">18:45</value><value xid="75">19:00</value><value xid="76">19:15</value><value xid="77">19:30</value><value xid="78">19:45</value><value xid="79">20:00</value><value xid="80">20:15</value><value xid="81">20:30</value><value xid="82">20:45</value><value xid="83">21:00</value><value xid="84">21:15</value><value xid="85">21:30</value><value xid="86">21:45</value><value xid="87">22:00</value><value xid="88">22:15</value><value xid="89">22:30</value><value xid="90">22:45</value><value xid="91">23:00</value><value xid="92">23:15</value><value xid="93">23:30</value><value xid="94">23:45</value><value xid="95">0:00</value></series><graphs><graph gid="0"> <value xid="0">14.24</value> <value xid="1">14.24</value> <value xid="2">14.24</value> <value xid="3">14.24</value> <value xid="4">8.16</value> <value xid="5">8.16</value> <value xid="6">8.16</value> <value xid="7">8.16</value> <value xid="8">8</value> <value xid="9">8</value> <value xid="10">8</value> <value xid="11">8</value> <value xid="12">8</value> <value xid="13">8</value> <value xid="14">8</value> <value xid="15">8</value> <value xid="16">8.32</value> <value xid="17">8.32</value> <value xid="18">8.32</value> <value xid="19">8.32</value> <value xid="20">11.04</value> <value xid="21">11.04</value> <value xid="22">11.04</value> <value xid="23">11.04</value> <value xid="24">17.6</value> <value xid="25">17.6</value> <value xid="26">17.6</value> <value xid="27">17.6</value> <value xid="28">15.84</value> <value xid="29">15.84</value> <value xid="30">15.84</value> <value xid="31">15.84</value> <value xid="32">21.28</value> <value xid="33">21.28</value> <value xid="34">21.28</value> <value xid="35">21.28</value> <value xid="36">23.2</value> <value xid="37">23.2</value> <value xid="38">23.2</value> <value xid="39">23.2</value> <value xid="40">27.2</value> <value xid="41">27.2</value> <value xid="42">27.2</value> <value xid="43">27.2</value> <value xid="44">32.16</value> <value xid="45">32.16</value> <value xid="46">32.16</value> <value xid="47">32.16</value> <value xid="48">31.68</value> <value xid="49">31.68</value> <value xid="50">31.68</value> <value xid="51">31.68</value> <value xid="52">31.04</value> <value xid="53">31.04</value> <value xid="54">31.04</value> <value xid="55">31.04</value> <value xid="56">28.96</value> <value xid="57">28.96</value> <value xid="58">28.96</value> <value xid="59">28.96</value> <value xid="60">29.12</value> <value xid="61">29.12</value> <value xid="62">29.12</value> <value xid="63">29.12</value> <value xid="64">29.12</value> <value xid="65">29.12</value> <value xid="66">29.12</value> <value xid="67">29.12</value> <value xid="68">29.12</value> <value xid="69">29.12</value> <value xid="70">29.12</value> <value xid="71">29.12</value> <value xid="72">29.92</value> <value xid="73">29.92</value> <value xid="74">29.92</value> <value xid="75">29.92</value> <value xid="76">20.8</value> <value xid="77">20.8</value> <value xid="78">20.8</value> <value xid="79">20.8</value> <value xid="80">20.16</value> <value xid="81">20.16</value> <value xid="82">20.16</value> <value xid="83">20.16</value> <value xid="84">19.52</value> <value xid="85">19.52</value> <value xid="86">19.52</value> <value xid="87">19.52</value> <value xid="88">16.8</value> <value xid="89">16.8</value> <value xid="90">16.8</value> <value xid="91">16.8</value> <value xid="92">16.8</value> <value xid="93">16.8</value> <value xid="94">16.8</value> <value xid="95">16.8</value></graph><graph gid="1"> <value xid="0">15.2</value> <value xid="1">15.2</value> <value xid="2">15.2</value> <value xid="3">15.2</value> <value xid="4">14.56</value> <value xid="5">14.56</value> <value xid="6">14.56</value> <value xid="7">14.56</value> <value xid="8">14.56</value> <value xid="9">14.56</value> <value xid="10">14.56</value> <value xid="11">14.56</value> <value xid="12">14.88</value> <value xid="13">14.88</value> <value xid="14">14.88</value> <value xid="15">14.88</value> <value xid="16">14.4</value> <value xid="17">14.4</value> <value xid="18">14.4</value> <value xid="19">14.4</value> <value xid="20">17.12</value> <value xid="21">17.12</value> <value xid="22">17.12</value> <value xid="23">17.12</value> <value xid="24">20.48</value> <value xid="25">20.48</value> <value xid="26">20.48</value> <value xid="27">20.48</value> <value xid="28">21.92</value> <value xid="29">21.92</value> <value xid="30">21.92</value> <value xid="31">21.92</value> <value xid="32">28.16</value> <value xid="33">28.16</value> <value xid="34">28.16</value> <value xid="35">28.16</value> <value xid="36">29.92</value> <value xid="37">29.92</value> <value xid="38">29.92</value> <value xid="39">29.92</value> <value xid="40">30.56</value> <value xid="41">30.56</value> <value xid="42">30.56</value> <value xid="43">30.56</value> <value xid="44">30.08</value> <value xid="45">30.08</value> <value xid="46">30.08</value> <value xid="47">30.08</value> <value xid="48">31.68</value> <value xid="49">31.68</value> <value xid="50">31.68</value> <value xid="51">31.68</value> <value xid="52">31.52</value> <value xid="53">31.52</value> <value xid="54">31.52</value> <value xid="55">31.52</value> <value xid="56">30.88</value> <value xid="57">30.88</value> <value xid="58">30.88</value> <value xid="59">30.88</value> <value xid="60">29.28</value> <value xid="61">29.28</value> <value xid="62">29.28</value> <value xid="63">29.28</value> <value xid="64">29.12</value> <value xid="65">29.12</value> <value xid="66">29.12</value> <value xid="67">29.12</value> <value xid="68">24.64</value> <value xid="69">24.64</value> <value xid="70">24.64</value> <value xid="71">24.64</value> <value xid="72">22.4</value> <value xid="73">22.4</value> <value xid="74">22.4</value> <value xid="75">22.4</value> <value xid="76">19.68</value> <value xid="77">19.68</value> <value xid="78">19.68</value> <value xid="79">19.68</value> <value xid="80">18.72</value> <value xid="81">18.72</value> <value xid="82">18.72</value> <value xid="83">18.72</value> <value xid="84">18.24</value> <value xid="85">18.24</value> <value xid="86">18.24</value> <value xid="87">18.24</value> <value xid="88">15.52</value> <value xid="89">15.52</value> <value xid="90">15.52</value> <value xid="91">15.52</value> <value xid="92">15.04</value> <value xid="93">15.04</value> <value xid="94">15.04</value> <value xid="95">15.04</value></graph><graph gid="2"> <value xid="0">15.2</value> <value xid="1">15.2</value> <value xid="2">15.2</value> <value xid="3">15.2</value> <value xid="4">15.2</value> <value xid="5">15.2</value> <value xid="6">15.2</value> <value xid="7">15.2</value> <value xid="8">14.72</value> <value xid="9">14.72</value> <value xid="10">14.72</value> <value xid="11">14.72</value> <value xid="12">14.88</value> <value xid="13">14.88</value> <value xid="14">14.88</value> <value xid="15">14.88</value> <value xid="16">14.56</value> <value xid="17">14.56</value> <value xid="18">14.56</value> <value xid="19">14.56</value> <value xid="20">18.24</value> <value xid="21">18.24</value> <value xid="22">18.24</value> <value xid="23">18.24</value> <value xid="24">23.52</value> <value xid="25">23.52</value> <value xid="26">23.52</value> <value xid="27">23.52</value> <value xid="28">23.84</value> <value xid="29">23.84</value> <value xid="30">23.84</value> <value xid="31">23.84</value> <value xid="32">28</value> <value xid="33">28</value> <value xid="34">28</value> <value xid="35">28</value> <value xid="36">30.08</value> <value xid="37">30.08</value> <value xid="38">30.08</value> <value xid="39">30.08</value> <value xid="40">31.52</value> <value xid="41">31.52</value> <value xid="42">31.52</value> <value xid="43">31.52</value> <value xid="44">31.2</value> <value xid="45">31.2</value> <value xid="46">31.2</value> <value xid="47">31.2</value> <value xid="48">30.24</value> <value xid="49">30.24</value> <value xid="50">30.24</value> <value xid="51">30.24</value> <value xid="52">29.92</value> <value xid="53">29.92</value> <value xid="54">29.92</value> <value xid="55">29.92</value> <value xid="56">28.96</value> <value xid="57">28.96</value> <value xid="58">28.96</value> <value xid="59">28.96</value> <value xid="60">28.16</value> <value xid="61">28.16</value> <value xid="62">28.16</value> <value xid="63">28.16</value> <value xid="64">27.52</value> <value xid="65">27.52</value> <value xid="66">27.52</value> <value xid="67">27.52</value> <value xid="68">23.52</value> <value xid="69">23.52</value> <value xid="70">23.52</value> <value xid="71">23.52</value> <value xid="72">22.4</value> <value xid="73">22.4</value> <value xid="74">22.4</value> <value xid="75">22.4</value> <value xid="76">18.88</value> <value xid="77">18.88</value> <value xid="78">18.88</value> <value xid="79">18.88</value> <value xid="80">18.72</value> <value xid="81">18.72</value> <value xid="82">18.72</value> <value xid="83">18.72</value> <value xid="84">18.4</value> <value xid="85">18.4</value> <value xid="86">18.4</value> <value xid="87">18.4</value> <value xid="88">15.36</value> <value xid="89">15.36</value> <value xid="90">15.36</value> <value xid="91">15.36</value> <value xid="92">15.36</value> <value xid="93">15.36</value> <value xid="94">15.36</value> <value xid="95">15.36</value></graph><graph gid="3"> <value xid="0">14.88</value> <value xid="1">14.88</value> <value xid="2">14.88</value> <value xid="3">14.88</value> <value xid="4">15.04</value> <value xid="5">15.04</value> <value xid="6">15.04</value> <value xid="7">15.04</value> <value xid="8">14.72</value> <value xid="9">14.72</value> <value xid="10">14.72</value> <value xid="11">14.72</value> <value xid="12">15.04</value> <value xid="13">15.04</value> <value xid="14">15.04</value> <value xid="15">15.04</value> <value xid="16">15.2</value> <value xid="17">15.2</value> <value xid="18">15.2</value> <value xid="19">15.2</value> <value xid="20">18.56</value> <value xid="21">18.56</value> <value xid="22">18.56</value> <value xid="23">18.56</value> <value xid="24">18.72</value> <value xid="25">18.72</value> <value xid="26">18.72</value> <value xid="27">18.72</value> <value xid="28">23.68</value> <value xid="29">23.68</value> <value xid="30">23.68</value> <value xid="31">23.68</value> <value xid="32">29.6</value> <value xid="33">29.6</value> <value xid="34">29.6</value> <value xid="35">29.6</value> <value xid="36">31.36</value> <value xid="37">31.36</value> <value xid="38">31.36</value> <value xid="39">31.36</value> <value xid="40">30.4</value> <value xid="41">30.4</value> <value xid="42">30.4</value> <value xid="43">30.4</value> <value xid="44">29.44</value> <value xid="45">29.44</value> <value xid="46">29.44</value> <value xid="47">29.44</value> <value xid="48">29.76</value> <value xid="49">29.76</value> <value xid="50">29.76</value> <value xid="51">29.76</value> <value xid="52">28.64</value> <value xid="53">28.64</value> <value xid="54">28.64</value> <value xid="55">28.64</value> <value xid="56">28.32</value> <value xid="57">28.32</value> <value xid="58">28.32</value> <value xid="59">28.32</value> <value xid="60">27.68</value> <value xid="61">27.68</value> <value xid="62">27.68</value> <value xid="63">27.68</value> <value xid="64">25.92</value> <value xid="65">25.92</value> <value xid="66">25.92</value> <value xid="67">25.92</value> <value xid="68">20.48</value> <value xid="69">20.48</value> <value xid="70">20.48</value> <value xid="71">20.48</value> <value xid="72">21.12</value> <value xid="73">21.12</value> <value xid="74">21.12</value> <value xid="75">21.12</value> <value xid="76">18.56</value> <value xid="77">18.56</value> <value xid="78">18.56</value> <value xid="79">18.56</value> <value xid="80">16.48</value> <value xid="81">16.48</value> <value xid="82">16.48</value> <value xid="83">16.48</value> <value xid="84">16.32</value> <value xid="85">16.32</value> <value xid="86">16.32</value> <value xid="87">16.32</value> <value xid="88">13.28</value> <value xid="89">13.28</value> <value xid="90">13.28</value> <value xid="91">13.28</value> <value xid="92">13.44</value> <value xid="93">13.44</value> <value xid="94">13.44</value> <value xid="95">13.44</value></graph><graph gid="4"> <value xid="0">14.88</value> <value xid="1">14.88</value> <value xid="2">14.88</value> <value xid="3">14.88</value> <value xid="4">8.8</value> <value xid="5">8.8</value> <value xid="6">8.8</value> <value xid="7">8.8</value> <value xid="8">8.8</value> <value xid="9">8.8</value> <value xid="10">8.8</value> <value xid="11">8.8</value> <value xid="12">8.64</value> <value xid="13">8.64</value> <value xid="14">8.64</value> <value xid="15">8.64</value> <value xid="16">8.8</value> <value xid="17">8.8</value> <value xid="18">8.8</value> <value xid="19">8.8</value> <value xid="20">9.44</value> <value xid="21">9.44</value> <value xid="22">9.44</value> <value xid="23">9.44</value> <value xid="24">16.16</value> <value xid="25">16.16</value> <value xid="26">16.16</value> <value xid="27">16.16</value> <value xid="28">15.36</value> <value xid="29">15.36</value> <value xid="30">15.36</value> <value xid="31">15.36</value> <value xid="32">21.44</value> <value xid="33">21.44</value> <value xid="34">21.44</value> <value xid="35">21.44</value> <value xid="36">22.56</value> <value xid="37">22.56</value> <value xid="38">22.56</value> <value xid="39">22.56</value> <value xid="40">24.48</value> <value xid="41">24.48</value> <value xid="42">24.48</value> <value xid="43">24.48</value> <value xid="44">29.76</value> <value xid="45">29.76</value> <value xid="46">29.76</value> <value xid="47">29.76</value> <value xid="48">30.24</value> <value xid="49">30.24</value> <value xid="50">30.24</value> <value xid="51">30.24</value> <value xid="52">31.2</value> <value xid="53">31.2</value> <value xid="54">31.2</value> <value xid="55">31.2</value> <value xid="56">29.12</value> <value xid="57">29.12</value> <value xid="58">29.12</value> <value xid="59">29.12</value> <value xid="60">28.64</value> <value xid="61">28.64</value> <value xid="62">28.64</value> <value xid="63">28.64</value> <value xid="64">28.16</value> <value xid="65">28.16</value> <value xid="66">28.16</value> <value xid="67">28.16</value> <value xid="68">26.88</value> <value xid="69">26.88</value> <value xid="70">26.88</value> <value xid="71">26.88</value> <value xid="72">27.04</value> <value xid="73">27.04</value> <value xid="74">27.04</value> <value xid="75">27.04</value> <value xid="76">18.88</value> <value xid="77">18.88</value> <value xid="78">18.88</value> <value xid="79">18.88</value> <value xid="80">19.52</value> <value xid="81">19.52</value> <value xid="82">19.52</value> <value xid="83">19.52</value> <value xid="84">18.88</value> <value xid="85">18.88</value> <value xid="86">18.88</value> <value xid="87">18.88</value> <value xid="88">15.84</value> <value xid="89">15.84</value> <value xid="90">15.84</value> <value xid="91">15.84</value> <value xid="92">15.68</value> <value xid="93">15.68</value> <value xid="94">15.68</value> <value xid="95">15.68</value></graph><graph gid="5"> <value xid="0">15.2</value> <value xid="1">15.2</value> <value xid="2">15.2</value> <value xid="3">15.2</value> <value xid="4">14.88</value> <value xid="5">14.88</value> <value xid="6">14.88</value> <value xid="7">14.88</value> <value xid="8">14.56</value> <value xid="9">14.56</value> <value xid="10">14.56</value> <value xid="11">14.56</value> <value xid="12">14.72</value> <value xid="13">14.72</value> <value xid="14">14.72</value> <value xid="15">14.72</value> <value xid="16">14.56</value> <value xid="17">14.56</value> <value xid="18">14.56</value> <value xid="19">14.56</value> <value xid="20">17.12</value> <value xid="21">17.12</value> <value xid="22">17.12</value> <value xid="23">17.12</value> <value xid="24">20.64</value> <value xid="25">20.64</value> <value xid="26">20.64</value> <value xid="27">20.64</value> <value xid="28">22.56</value> <value xid="29">22.56</value> <value xid="30">22.56</value> <value xid="31">22.56</value> <value xid="32">26.4</value> <value xid="33">26.4</value> <value xid="34">26.4</value> <value xid="35">26.4</value> <value xid="36">27.2</value> <value xid="37">27.2</value> <value xid="38">27.2</value> <value xid="39">27.2</value> <value xid="40">28.48</value> <value xid="41">28.48</value> <value xid="42">28.48</value> <value xid="43">28.48</value> <value xid="44">31.04</value> <value xid="45">31.04</value> <value xid="46">31.04</value> <value xid="47">31.04</value> <value xid="48">31.04</value> <value xid="49">31.04</value> <value xid="50">31.04</value> <value xid="51">31.04</value> <value xid="52">30.4</value> <value xid="53">30.4</value> <value xid="54">30.4</value> <value xid="55">30.4</value> <value xid="56">28.32</value> <value xid="57">28.32</value> <value xid="58">28.32</value> <value xid="59">28.32</value> <value xid="60">27.52</value> <value xid="61">27.52</value> <value xid="62">27.52</value> <value xid="63">27.52</value> <value xid="64">27.04</value> <value xid="65">27.04</value> <value xid="66">27.04</value> <value xid="67">27.04</value> <value xid="68">22.08</value> <value xid="69">22.08</value> <value xid="70">22.08</value> <value xid="71">22.08</value> <value xid="72">21.44</value> <value xid="73">21.44</value> <value xid="74">21.44</value> <value xid="75">21.44</value> <value xid="76">20</value> <value xid="77">20</value> <value xid="78">20</value> <value xid="79">20</value> <value xid="80">18.08</value> <value xid="81">18.08</value> <value xid="82">18.08</value> <value xid="83">18.08</value> <value xid="84">17.44</value> <value xid="85">17.44</value> <value xid="86">17.44</value> <value xid="87">17.44</value> <value xid="88">14.56</value> <value xid="89">14.56</value> <value xid="90">14.56</value> <value xid="91">14.56</value> <value xid="92">14.56</value> <value xid="93">14.56</value> <value xid="94">14.56</value> <value xid="95">14.56</value></graph><graph gid="6"> <value xid="0">17.92</value> <value xid="1">17.92</value> <value xid="2">17.92</value> <value xid="3">17.92</value> <value xid="4">13.44</value> <value xid="5">13.44</value> <value xid="6">13.44</value> <value xid="7">13.44</value> <value xid="8">13.12</value> <value xid="9">13.12</value> <value xid="10">13.12</value> <value xid="11">13.12</value> <value xid="12">12.96</value> <value xid="13">12.96</value> <value xid="14">12.96</value> <value xid="15">12.96</value> <value xid="16">13.6</value> <value xid="17">13.6</value> <value xid="18">13.6</value> <value xid="19">13.6</value> <value xid="20">11.84</value> <value xid="21">11.84</value> <value xid="22">11.84</value> <value xid="23">11.84</value> <value xid="24">15.04</value> <value xid="25">15.04</value> <value xid="26">15.04</value> <value xid="27">15.04</value> <value xid="28">17.28</value> <value xid="29">17.28</value> <value xid="30">17.28</value> <value xid="31">17.28</value> <value xid="32">20.32</value> <value xid="33">20.32</value> <value xid="34">20.32</value> <value xid="35">20.32</value> <value xid="36">22.72</value> <value xid="37">22.72</value> <value xid="38">22.72</value> <value xid="39">22.72</value> <value xid="40">24.64</value> <value xid="41">24.64</value> <value xid="42">24.64</value> <value xid="43">24.64</value> <value xid="44">31.04</value> <value xid="45">31.04</value> <value xid="46">31.04</value> <value xid="47">31.04</value> <value xid="48">29.92</value> <value xid="49">29.92</value> <value xid="50">29.92</value> <value xid="51">29.92</value> <value xid="52">29.76</value> <value xid="53">29.76</value> <value xid="54">29.76</value> <value xid="55">29.76</value> <value xid="56">30.24</value> <value xid="57">30.24</value> <value xid="58">30.24</value> <value xid="59">30.24</value> <value xid="60">28.96</value> <value xid="61">28.96</value> <value xid="62">28.96</value> <value xid="63">28.96</value> <value xid="64">28.16</value> <value xid="65">28.16</value> <value xid="66">28.16</value> <value xid="67">28.16</value> <value xid="68">27.84</value> <value xid="69">27.84</value> <value xid="70">27.84</value> <value xid="71">27.84</value> <value xid="72">27.52</value> <value xid="73">27.52</value> <value xid="74">27.52</value> <value xid="75">27.52</value> <value xid="76">16.8</value> <value xid="77">16.8</value> <value xid="78">16.8</value> <value xid="79">16.8</value> <value xid="80">18.88</value> <value xid="81">18.88</value> <value xid="82">18.88</value> <value xid="83">18.88</value> <value xid="84">18.24</value> <value xid="85">18.24</value> <value xid="86">18.24</value> <value xid="87">18.24</value> <value xid="88">15.52</value> <value xid="89">15.52</value> <value xid="90">15.52</value> <value xid="91">15.52</value> <value xid="92">15.52</value> <value xid="93">15.52</value> <value xid="94">15.52</value> <value xid="95">15.52</value></graph><graph gid="7"> <value xid="0">19.52</value> <value xid="1">19.52</value> <value xid="2">19.52</value> <value xid="3">19.52</value> <value xid="4">19.68</value> <value xid="5">19.68</value> <value xid="6">19.68</value> <value xid="7">19.68</value> <value xid="8">19.52</value> <value xid="9">19.52</value> <value xid="10">19.52</value> <value xid="11">19.52</value> <value xid="12">19.04</value> <value xid="13">19.04</value> <value xid="14">19.04</value> <value xid="15">19.04</value> <value xid="16">19.52</value> <value xid="17">19.52</value> <value xid="18">19.52</value> <value xid="19">19.52</value> <value xid="20">25.6</value> <value xid="21">25.6</value> <value xid="22">25.6</value> <value xid="23">25.6</value> <value xid="24">26.56</value> <value xid="25">26.56</value> <value xid="26">26.56</value> <value xid="27">26.56</value> <value xid="28">25.44</value> <value xid="29">25.44</value> <value xid="30">25.44</value> <value xid="31">25.44</value> <value xid="32">25.76</value> <value xid="33">25.76</value> <value xid="34">25.76</value> <value xid="35">25.76</value> <value xid="36">27.04</value> <value xid="37">27.04</value> <value xid="38">27.04</value> <value xid="39">27.04</value> <value xid="40">29.76</value> <value xid="41">29.76</value> <value xid="42">29.76</value> <value xid="43">29.76</value> <value xid="44">31.04</value> <value xid="45">31.04</value> <value xid="46">31.04</value> <value xid="47">31.04</value> <value xid="48">30.56</value> <value xid="49">30.56</value> <value xid="50">30.56</value> <value xid="51">30.56</value> <value xid="52">28</value> <value xid="53">28</value> <value xid="54">28</value> <value xid="55">28</value> <value xid="56">28.32</value> <value xid="57">28.32</value> <value xid="58">28.32</value> <value xid="59">28.32</value> <value xid="60">27.84</value> <value xid="61">27.84</value> <value xid="62">27.84</value> <value xid="63">27.84</value> <value xid="64">29.6</value> <value xid="65">29.6</value> <value xid="66">29.6</value> <value xid="67">29.6</value> <value xid="68">30.24</value> <value xid="69">30.24</value> <value xid="70">30.24</value> <value xid="71">30.24</value> <value xid="72">30.4</value> <value xid="73">30.4</value> <value xid="74">30.4</value> <value xid="75">30.4</value> <value xid="76">21.6</value> <value xid="77">21.6</value> <value xid="78">21.6</value> <value xid="79">21.6</value> <value xid="80">19.04</value> <value xid="81">19.04</value> <value xid="82">19.04</value> <value xid="83">19.04</value> <value xid="84">18.56</value> <value xid="85">18.56</value> <value xid="86">18.56</value> <value xid="87">18.56</value> <value xid="88">19.04</value> <value xid="89">19.04</value> <value xid="90">19.04</value> <value xid="91">19.04</value> <value xid="92">18.72</value> <value xid="93">18.72</value> <value xid="94">18.72</value> <value xid="95">18.72</value></graph><graph gid="8"> <value xid="0">17.28</value> <value xid="1">17.28</value> <value xid="2">17.28</value> <value xid="3">17.28</value> <value xid="4">16.96</value> <value xid="5">16.96</value> <value xid="6">16.96</value> <value xid="7">16.96</value> <value xid="8">17.12</value> <value xid="9">17.12</value> <value xid="10">17.12</value> <value xid="11">17.12</value> <value xid="12">17.12</value> <value xid="13">17.12</value> <value xid="14">17.12</value> <value xid="15">17.12</value> <value xid="16">16.96</value> <value xid="17">16.96</value> <value xid="18">16.96</value> <value xid="19">16.96</value> <value xid="20">19.84</value> <value xid="21">19.84</value> <value xid="22">19.84</value> <value xid="23">19.84</value> <value xid="24">22.88</value> <value xid="25">22.88</value> <value xid="26">22.88</value> <value xid="27">22.88</value> <value xid="28">24</value> <value xid="29">24</value> <value xid="30">24</value> <value xid="31">24</value> <value xid="32">28</value> <value xid="33">28</value> <value xid="34">28</value> <value xid="35">28</value> <value xid="36">30.88</value> <value xid="37">30.88</value> <value xid="38">30.88</value> <value xid="39">30.88</value> <value xid="40">29.12</value> <value xid="41">29.12</value> <value xid="42">29.12</value> <value xid="43">29.12</value> <value xid="44">27.36</value> <value xid="45">27.36</value> <value xid="46">27.36</value> <value xid="47">27.36</value> <value xid="48">27.84</value> <value xid="49">27.84</value> <value xid="50">27.84</value> <value xid="51">27.84</value> <value xid="52">27.36</value> <value xid="53">27.36</value> <value xid="54">27.36</value> <value xid="55">27.36</value> <value xid="56">27.36</value> <value xid="57">27.36</value> <value xid="58">27.36</value> <value xid="59">27.36</value> <value xid="60">27.2</value> <value xid="61">27.2</value> <value xid="62">27.2</value> <value xid="63">27.2</value> <value xid="64">26.88</value> <value xid="65">26.88</value> <value xid="66">26.88</value> <value xid="67">26.88</value> <value xid="68">22.08</value> <value xid="69">22.08</value> <value xid="70">22.08</value> <value xid="71">22.08</value> <value xid="72">21.76</value> <value xid="73">21.76</value> <value xid="74">21.76</value> <value xid="75">21.76</value> <value xid="76">17.28</value> <value xid="77">17.28</value> <value xid="78">17.28</value> <value xid="79">17.28</value> <value xid="80">18.08</value> <value xid="81">18.08</value> <value xid="82">18.08</value> <value xid="83">18.08</value> <value xid="84">17.44</value> <value xid="85">17.44</value> <value xid="86">17.44</value> <value xid="87">17.44</value> <value xid="88">15.04</value> <value xid="89">15.04</value> <value xid="90">15.04</value> <value xid="91">15.04</value> <value xid="92">14.4</value> <value xid="93">14.4</value> <value xid="94">14.4</value> <value xid="95">14.4</value></graph><graph gid="9"> <value xid="0">14.72</value> <value xid="1">14.72</value> <value xid="2">14.72</value> <value xid="3">14.72</value> <value xid="4">14.56</value> <value xid="5">14.56</value> <value xid="6">14.56</value> <value xid="7">14.56</value> <value xid="8">14.4</value> <value xid="9">14.4</value> <value xid="10">14.4</value> <value xid="11">14.4</value> <value xid="12">14.4</value> <value xid="13">14.4</value> <value xid="14">14.4</value> <value xid="15">14.4</value> <value xid="16">14.4</value> <value xid="17">14.4</value> <value xid="18">14.4</value> <value xid="19">14.4</value> <value xid="20">14.4</value> <value xid="21">14.4</value> <value xid="22">14.4</value> <value xid="23">14.4</value> <value xid="24">18.24</value> <value xid="25">18.24</value> <value xid="26">18.24</value> <value xid="27">18.24</value> <value xid="28">23.68</value> <value xid="29">23.68</value> <value xid="30">23.68</value> <value xid="31">23.68</value> <value xid="32">28.32</value> <value xid="33">28.32</value> <value xid="34">28.32</value> <value xid="35">28.32</value> <value xid="36">30.88</value> <value xid="37">30.88</value> <value xid="38">30.88</value> <value xid="39">30.88</value> <value xid="40">28.48</value> <value xid="41">28.48</value> <value xid="42">28.48</value> <value xid="43">28.48</value> <value xid="44">28.16</value> <value xid="45">28.16</value> <value xid="46">28.16</value> <value xid="47">28.16</value> <value xid="48">29.44</value> <value xid="49">29.44</value> <value xid="50">29.44</value> <value xid="51">29.44</value> <value xid="52">27.84</value> <value xid="53">27.84</value> <value xid="54">27.84</value> <value xid="55">27.84</value> <value xid="56">27.36</value> <value xid="57">27.36</value> <value xid="58">27.36</value> <value xid="59">27.36</value> <value xid="60">26.88</value> <value xid="61">26.88</value> <value xid="62">26.88</value> <value xid="63">26.88</value> <value xid="64">26.24</value> <value xid="65">26.24</value> <value xid="66">26.24</value> <value xid="67">26.24</value> <value xid="68">24.32</value> <value xid="69">24.32</value> <value xid="70">24.32</value> <value xid="71">24.32</value> <value xid="72">21.92</value> <value xid="73">21.92</value> <value xid="74">21.92</value> <value xid="75">21.92</value> <value xid="76">14.88</value> <value xid="77">14.88</value> <value xid="78">14.88</value> <value xid="79">14.88</value> <value xid="80">17.44</value> <value xid="81">17.44</value> <value xid="82">17.44</value> <value xid="83">17.44</value> <value xid="84">17.44</value> <value xid="85">17.44</value> <value xid="86">17.44</value> <value xid="87">17.44</value> <value xid="88">16.64</value> <value xid="89">16.64</value> <value xid="90">16.64</value> <value xid="91">16.64</value> <value xid="92">14.24</value> <value xid="93">14.24</value> <value xid="94">14.24</value> <value xid="95">14.24</value></graph></graphs></chart>