<chart><series><value xid="0">0:15</value><value xid="1">0:30</value><value xid="2">0:45</value><value xid="3">1:00</value><value xid="4">1:15</value><value xid="5">1:30</value><value xid="6">1:45</value><value xid="7">2:00</value><value xid="8">2:15</value><value xid="9">2:30</value><value xid="10">2:45</value><value xid="11">3:00</value><value xid="12">3:15</value><value xid="13">3:30</value><value xid="14">3:45</value><value xid="15">4:00</value><value xid="16">4:15</value><value xid="17">4:30</value><value xid="18">4:45</value><value xid="19">5:00</value><value xid="20">5:15</value><value xid="21">5:30</value><value xid="22">5:45</value><value xid="23">6:00</value><value xid="24">6:15</value><value xid="25">6:30</value><value xid="26">6:45</value><value xid="27">7:00</value><value xid="28">7:15</value><value xid="29">7:30</value><value xid="30">7:45</value><value xid="31">8:00</value><value xid="32">8:15</value><value xid="33">8:30</value><value xid="34">8:45</value><value xid="35">9:00</value><value xid="36">9:15</value><value xid="37">9:30</value><value xid="38">9:45</value><value xid="39">10:00</value><value xid="40">10:15</value><value xid="41">10:30</value><value xid="42">10:45</value><value xid="43">11:00</value><value xid="44">11:15</value><value xid="45">11:30</value><value xid="46">11:45</value><value xid="47">12:00</value><value xid="48">12:15</value><value xid="49">12:30</value><value xid="50">12:45</value><value xid="51">13:00</value><value xid="52">13:15</value><value xid="53">13:30</value><value xid="54">13:45</value><value xid="55">14:00</value><value xid="56">14:15</value><value xid="57">14:30</value><value xid="58">14:45</value><value xid="59">15:00</value><value xid="60">15:15</value><value xid="61">15:30</value><value xid="62">15:45</value><value xid="63">16:00</value><value xid="64">16:15</value><value xid="65">16:30</value><value xid="66">16:45</value><value xid="67">17:00</value><value xid="68">17:15</value><value xid="69">17:30</value><value xid="70">17:45</value><value xid="71">18:00</value><value xid="72">18:15</value><value xid="73">18:30</value><value xid="74">18:45</value><value xid="75">19:00</value><value xid="76">19:15</value><value xid="77">19:30</value><value xid="78">19:45</value><value xid="79">20:00</value><value xid="80">20:15</value><value xid="81">20:30</value><value xid="82">20:45</value><value xid="83">21:00</value><value xid="84">21:15</value><value xid="85">21:30</value><value xid="86">21:45</value><value xid="87">22:00</value><value xid="88">22:15</value><value xid="89">22:30</value><value xid="90">22:45</value><value xid="91">23:00</value><value xid="92">23:15</value><value xid="93">23:30</value><value xid="94">23:45</value><value xid="95">0:00</value></series><graphs><graph gid="0"> <value xid="0">14.71</value> <value xid="1">14.71</value> <value xid="2">14.71</value> <value xid="3">14.71</value> <value xid="4">14.5</value> <value xid="5">14.5</value> <value xid="6">14.5</value> <value xid="7">14.5</value> <value xid="8">14.28</value> <value xid="9">14.28</value> <value xid="10">14.28</value> <value xid="11">14.28</value> <value xid="12">14.31</value> <value xid="13">14.31</value> <value xid="14">14.31</value> <value xid="15">14.31</value> <value xid="16">14.46</value> <value xid="17">14.46</value> <value xid="18">14.46</value> <value xid="19">14.46</value> <value xid="20">16.98</value> <value xid="21">16.98</value> <value xid="22">16.98</value> <value xid="23">16.98</value> <value xid="24">19.73</value> <value xid="25">19.73</value> <value xid="26">19.73</value> <value xid="27">19.73</value> <value xid="28">21.92</value> <value xid="29">21.92</value> <value xid="30">21.92</value> <value xid="31">21.92</value> <value xid="32">26.03</value> <value xid="33">26.03</value> <value xid="34">26.03</value> <value xid="35">26.03</value> <value xid="36">26.95</value> <value xid="37">26.95</value> <value xid="38">26.95</value> <value xid="39">26.95</value> <value xid="40">27.23</value> <value xid="41">27.23</value> <value xid="42">27.23</value> <value xid="43">27.23</value> <value xid="44">27.28</value> <value xid="45">27.28</value> <value xid="46">27.28</value> <value xid="47">27.28</value> <value xid="48">27.18</value> <value xid="49">27.18</value> <value xid="50">27.18</value> <value xid="51">27.18</value> <value xid="52">27</value> <value xid="53">27</value> <value xid="54">27</value> <value xid="55">27</value> <value xid="56">26.5</value> <value xid="57">26.5</value> <value xid="58">26.5</value> <value xid="59">26.5</value> <value xid="60">26.08</value> <value xid="61">26.08</value> <value xid="62">26.08</value> <value xid="63">26.08</value> <value xid="64">25.52</value> <value xid="65">25.52</value> <value xid="66">25.52</value> <value xid="67">25.52</value> <value xid="68">22.17</value> <value xid="69">22.17</value> <value xid="70">22.17</value> <value xid="71">22.17</value> <value xid="72">21.91</value> <value xid="73">21.91</value> <value xid="74">21.91</value> <value xid="75">21.91</value> <value xid="76">19.14</value> <value xid="77">19.14</value> <value xid="78">19.14</value> <value xid="79">19.14</value> <value xid="80">18.11</value> <value xid="81">18.11</value> <value xid="82">18.11</value> <value xid="83">18.11</value> <value xid="84">17.42</value> <value xid="85">17.42</value> <value xid="86">17.42</value> <value xid="87">17.42</value> <value xid="88">14.71</value> <value xid="89">14.71</value> <value xid="90">14.71</value> <value xid="91">14.71</value> <value xid="92">14.61</value> <value xid="93">14.61</value> <value xid="94">14.61</value> <value xid="95">14.61</value></graph><graph gid="1"> <value xid="0">14.14</value> <value xid="1">14.14</value> <value xid="2">14.14</value> <value xid="3">14.14</value> <value xid="4">12.79</value> <value xid="5">12.79</value> <value xid="6">12.79</value> <value xid="7">12.79</value> <value xid="8">11.61</value> <value xid="9">11.61</value> <value xid="10">11.61</value> <value xid="11">11.61</value> <value xid="12">11.55</value> <value xid="13">11.55</value> <value xid="14">11.55</value> <value xid="15">11.55</value> <value xid="16">11.87</value> <value xid="17">11.87</value> <value xid="18">11.87</value> <value xid="19">11.87</value> <value xid="20">14.89</value> <value xid="21">14.89</value> <value xid="22">14.89</value> <value xid="23">14.89</value> <value xid="24">17.95</value> <value xid="25">17.95</value> <value xid="26">17.95</value> <value xid="27">17.95</value> <value xid="28">18.89</value> <value xid="29">18.89</value> <value xid="30">18.89</value> <value xid="31">18.89</value> <value xid="32">21.15</value> <value xid="33">21.15</value> <value xid="34">21.15</value> <value xid="35">21.15</value> <value xid="36">22.29</value> <value xid="37">22.29</value> <value xid="38">22.29</value> <value xid="39">22.29</value> <value xid="40">22.89</value> <value xid="41">22.89</value> <value xid="42">22.89</value> <value xid="43">22.89</value> <value xid="44">24.52</value> <value xid="45">24.52</value> <value xid="46">24.52</value> <value xid="47">24.52</value> <value xid="48">25.31</value> <value xid="49">25.31</value> <value xid="50">25.31</value> <value xid="51">25.31</value> <value xid="52">24.91</value> <value xid="53">24.91</value> <value xid="54">24.91</value> <value xid="55">24.91</value> <value xid="56">24.17</value> <value xid="57">24.17</value> <value xid="58">24.17</value> <value xid="59">24.17</value> <value xid="60">23.51</value> <value xid="61">23.51</value> <value xid="62">23.51</value> <value xid="63">23.51</value> <value xid="64">23.04</value> <value xid="65">23.04</value> <value xid="66">23.04</value> <value xid="67">23.04</value> <value xid="68">22</value> <value xid="69">22</value> <value xid="70">22</value> <value xid="71">22</value> <value xid="72">21.66</value> <value xid="73">21.66</value> <value xid="74">21.66</value> <value xid="75">21.66</value> <value xid="76">16.62</value> <value xid="77">16.62</value> <value xid="78">16.62</value> <value xid="79">16.62</value> <value xid="80">16.52</value> <value xid="81">16.52</value> <value xid="82">16.52</value> <value xid="83">16.52</value> <value xid="84">16.22</value> <value xid="85">16.22</value> <value xid="86">16.22</value> <value xid="87">16.22</value> <value xid="88">14.83</value> <value xid="89">14.83</value> <value xid="90">14.83</value> <value xid="91">14.83</value> <value xid="92">14.35</value> <value xid="93">14.35</value> <value xid="94">14.35</value> <value xid="95">14.35</value></graph><graph gid="2"> <value xid="0">13.92</value> <value xid="1">13.92</value> <value xid="2">13.92</value> <value xid="3">13.92</value> <value xid="4">13.75</value> <value xid="5">13.75</value> <value xid="6">13.75</value> <value xid="7">13.75</value> <value xid="8">13.7</value> <value xid="9">13.7</value> <value xid="10">13.7</value> <value xid="11">13.7</value> <value xid="12">13.79</value> <value xid="13">13.79</value> <value xid="14">13.79</value> <value xid="15">13.79</value> <value xid="16">14.01</value> <value xid="17">14.01</value> <value xid="18">14.01</value> <value xid="19">14.01</value> <value xid="20">17.96</value> <value xid="21">17.96</value> <value xid="22">17.96</value> <value xid="23">17.96</value> <value xid="24">20.16</value> <value xid="25">20.16</value> <value xid="26">20.16</value> <value xid="27">20.16</value> <value xid="28">21.29</value> <value xid="29">21.29</value> <value xid="30">21.29</value> <value xid="31">21.29</value> <value xid="32">22.66</value> <value xid="33">22.66</value> <value xid="34">22.66</value> <value xid="35">22.66</value> <value xid="36">22.88</value> <value xid="37">22.88</value> <value xid="38">22.88</value> <value xid="39">22.88</value> <value xid="40">23.37</value> <value xid="41">23.37</value> <value xid="42">23.37</value> <value xid="43">23.37</value> <value xid="44">24.25</value> <value xid="45">24.25</value> <value xid="46">24.25</value> <value xid="47">24.25</value> <value xid="48">24.07</value> <value xid="49">24.07</value> <value xid="50">24.07</value> <value xid="51">24.07</value> <value xid="52">23.3</value> <value xid="53">23.3</value> <value xid="54">23.3</value> <value xid="55">23.3</value> <value xid="56">22.79</value> <value xid="57">22.79</value> <value xid="58">22.79</value> <value xid="59">22.79</value> <value xid="60">21.97</value> <value xid="61">21.97</value> <value xid="62">21.97</value> <value xid="63">21.97</value> <value xid="64">21.39</value> <value xid="65">21.39</value> <value xid="66">21.39</value> <value xid="67">21.39</value> <value xid="68">21.5</value> <value xid="69">21.5</value> <value xid="70">21.5</value> <value xid="71">21.5</value> <value xid="72">21.25</value> <value xid="73">21.25</value> <value xid="74">21.25</value> <value xid="75">21.25</value> <value xid="76">16.02</value> <value xid="77">16.02</value> <value xid="78">16.02</value> <value xid="79">16.02</value> <value xid="80">15.17</value> <value xid="81">15.17</value> <value xid="82">15.17</value> <value xid="83">15.17</value> <value xid="84">14.93</value> <value xid="85">14.93</value> <value xid="86">14.93</value> <value xid="87">14.93</value> <value xid="88">14.03</value> <value xid="89">14.03</value> <value xid="90">14.03</value> <value xid="91">14.03</value> <value xid="92">14.03</value> <value xid="93">14.03</value> <value xid="94">14.03</value> <value xid="95">14.03</value></graph></graphs></chart>