<chart><series><value xid="0">0</value><value xid="1">2</value><value xid="2">4</value><value xid="3">6</value><value xid="4">8</value><value xid="5">10</value><value xid="6">12</value><value xid="7">14</value><value xid="8">16</value><value xid="9">18</value><value xid="10">20</value><value xid="11">22</value><value xid="12">24</value><value xid="13">26</value><value xid="14">28</value><value xid="15">30</value><value xid="16">32</value><value xid="17">34</value><value xid="18">36</value><value xid="19">38</value><value xid="20">40</value><value xid="21">42</value><value xid="22">44</value><value xid="23">46</value><value xid="24">48</value><value xid="25">50</value><value xid="26">52</value><value xid="27">54</value><value xid="28">56</value><value xid="29">58</value><value xid="30">60</value><value xid="31">62</value><value xid="32">64</value><value xid="33">66</value><value xid="34">68</value><value xid="35">70</value><value xid="36">72</value><value xid="37">74</value><value xid="38">76</value><value xid="39">78</value><value xid="40">80</value><value xid="41">82</value><value xid="42">84</value><value xid="43">86</value><value xid="44">88</value><value xid="45">90</value><value xid="46">92</value><value xid="47">94</value><value xid="48">96</value><value xid="49">98</value><value xid="50">100</value></series><graphs><graph gid="0" title="Unoccupied"><value xid="12" description="5 Hours, 11.05 % of peak demand">3.55</value><value xid="13" description="9 Hours, 10.76 % of peak demand">3.46</value><value xid="14" description="14 Hours, 10.38 % of peak demand">3.34</value><value xid="15" description="24 Hours, 10.27 % of peak demand">3.3</value><value xid="16" description="29 Hours, 10.56 % of peak demand">3.4</value><value xid="17" description="35 Hours, 10.57 % of peak demand">3.4</value><value xid="18" description="38 Hours, 9.71 % of peak demand">3.12</value><value xid="19" description="59 Hours, 9.76 % of peak demand">3.14</value><value xid="20" description="72 Hours, 9.16 % of peak demand">2.95</value><value xid="21" description="79 Hours, 9.09 % of peak demand">2.92</value><value xid="22" description="77 Hours, 8.11 % of peak demand">2.61</value><value xid="23" description="71 Hours, 6.15 % of peak demand">1.98</value><value xid="24" description="83 Hours, 4.91 % of peak demand">1.58</value><value xid="25" description="106 Hours, 4.87 % of peak demand">1.57</value><value xid="26" description="116 Hours, 5.09 % of peak demand">1.64</value><value xid="27" description="89 Hours, 5.74 % of peak demand">1.84</value><value xid="28" description="109 Hours, 6.00 % of peak demand">1.93</value><value xid="29" description="105 Hours, 6.19 % of peak demand">1.99</value><value xid="30" description="113 Hours, 6.01 % of peak demand">1.93</value><value xid="31" description="124 Hours, 6.74 % of peak demand">2.17</value><value xid="32" description="180 Hours, 6.34 % of peak demand">2.04</value><value xid="33" description="132 Hours, 5.78 % of peak demand">1.86</value><value xid="34" description="104 Hours, 7.55 % of peak demand">2.43</value><value xid="35" description="91 Hours, 7.01 % of peak demand">2.25</value><value xid="36" description="127 Hours, 7.79 % of peak demand">2.5</value><value xid="37" description="149 Hours, 9.47 % of peak demand">3.05</value><value xid="38" description="134 Hours, 10.54 % of peak demand">3.39</value><value xid="39" description="95 Hours, 10.88 % of peak demand">3.5</value><value xid="40" description="69 Hours, 10.70 % of peak demand">3.44</value><value xid="41" description="28 Hours, 11.68 % of peak demand">3.76</value><value xid="42" description="12 Hours, 10.31 % of peak demand">3.32</value></graph><graph gid="1" title="Occupied"><value xid="14" description="6 Hours, 12.35 % of peak demand">3.97</value><value xid="15" description="8 Hours, 11.65 % of peak demand">3.75</value><value xid="16" description="8 Hours, 10.17 % of peak demand">3.27</value><value xid="17" description="5 Hours, 8.64 % of peak demand">2.78</value><value xid="18" description="9 Hours, 7.93 % of peak demand">2.55</value><value xid="19" description="12 Hours, 7.71 % of peak demand">2.48</value><value xid="20" description="24 Hours, 7.11 % of peak demand">2.29</value><value xid="21" description="24 Hours, 6.81 % of peak demand">2.19</value><value xid="22" description="41 Hours, 6.13 % of peak demand">1.97</value><value xid="23" description="36 Hours, 5.58 % of peak demand">1.8</value><value xid="24" description="42 Hours, 4.49 % of peak demand">1.44</value><value xid="25" description="46 Hours, 4.33 % of peak demand">1.39</value><value xid="26" description="49 Hours, 3.88 % of peak demand">1.25</value><value xid="27" description="53 Hours, 4.12 % of peak demand">1.32</value><value xid="28" description="69 Hours, 4.31 % of peak demand">1.39</value><value xid="29" description="62 Hours, 3.85 % of peak demand">1.24</value><value xid="30" description="79 Hours, 4.34 % of peak demand">1.4</value><value xid="31" description="91 Hours, 4.01 % of peak demand">1.29</value><value xid="32" description="102 Hours, 4.39 % of peak demand">1.41</value><value xid="33" description="111 Hours, 4.81 % of peak demand">1.55</value><value xid="34" description="128 Hours, 5.31 % of peak demand">1.71</value><value xid="35" description="107 Hours, 6.37 % of peak demand">2.05</value><value xid="36" description="141 Hours, 6.89 % of peak demand">2.21</value><value xid="37" description="138 Hours, 8.27 % of peak demand">2.66</value><value xid="38" description="149 Hours, 9.00 % of peak demand">2.89</value><value xid="39" description="115 Hours, 9.35 % of peak demand">3.01</value><value xid="40" description="133 Hours, 9.91 % of peak demand">3.19</value><value xid="41" description="115 Hours, 10.00 % of peak demand">3.22</value><value xid="42" description="114 Hours, 10.98 % of peak demand">3.53</value><value xid="43" description="102 Hours, 11.37 % of peak demand">3.66</value><value xid="44" description="102 Hours, 11.99 % of peak demand">3.86</value><value xid="45" description="96 Hours, 12.77 % of peak demand">4.11</value><value xid="46" description="103 Hours, 12.65 % of peak demand">4.07</value><value xid="47" description="107 Hours, 12.98 % of peak demand">4.17</value><value xid="48" description="68 Hours, 13.20 % of peak demand">4.25</value><value xid="49" description="32 Hours, 12.49 % of peak demand">4.02</value><value xid="50" description="15 Hours, 12.93 % of peak demand">4.16</value></graph></graphs></chart>