<chart><series><value xid="1">May-11</value><value xid="2">Jun-11</value><value xid="3">Jul-11</value><value xid="4">Aug-11</value><value xid="5">Sep-11</value><value xid="6">Oct-11</value><value xid="7">Nov-11</value><value xid="8">Dec-11</value><value xid="9">Jan-12</value><value xid="10">Feb-12</value><value xid="11">Mar-12</value><value xid="12">Apr-12</value></series><graphs><graph gid="0" ><value xid="1" description ="41.59 kWh,  $2.50">0.28</value><value xid="2" description ="39.83 kWh,  $2.39">0.27</value><value xid="3" description ="86.6 kWh,  $5.20">0.56</value><value xid="4" description ="52.39 kWh,  $3.14">0.34</value><value xid="5" description ="44.84 kWh,  $2.69">0.32</value><value xid="6" description ="70.05 kWh,  $4.20">0.52</value><value xid="7" description ="40.73 kWh,  $2.44">0.31</value><value xid="8" description ="61.19 kWh,  $3.67">0.46</value><value xid="9" description ="51.31 kWh,  $3.08">0.42</value><value xid="10" description ="44.05 kWh,  $2.64">0.44</value><value xid="11" description ="53.22 kWh,  $3.19">0.50</value><value xid="12" description ="61.87 kWh,  $3.71">0.48</value></graph></graphs></chart>