<chart><series><value xid="0">32</value><value xid="1">34</value><value xid="2">36</value><value xid="3">38</value><value xid="4">40</value><value xid="5">42</value><value xid="6">44</value><value xid="7">46</value><value xid="8">48</value><value xid="9">50</value><value xid="10">52</value><value xid="11">54</value><value xid="12">56</value><value xid="13">58</value><value xid="14">60</value><value xid="15">62</value><value xid="16">64</value><value xid="17">66</value><value xid="18">68</value><value xid="19">70</value><value xid="20">72</value><value xid="21">74</value><value xid="22">76</value><value xid="23">78</value><value xid="24">80</value><value xid="25">82</value><value xid="26">84</value><value xid="27">86</value><value xid="28">88</value><value xid="29">90</value><value xid="30">92</value><value xid="31">94</value><value xid="32">96</value></series><graphs><graph gid="0" title="Unoccupied"><value xid="0" description="38 Hours, 11.04 % of peak demand">3.55</value><value xid="1" description="40 Hours, 10.65 % of peak demand">3.43</value><value xid="2" description="54 Hours, 10.55 % of peak demand">3.39</value><value xid="3" description="96 Hours, 9.57 % of peak demand">3.08</value><value xid="4" description="79 Hours, 8.07 % of peak demand">2.59</value><value xid="5" description="77 Hours, 7.63 % of peak demand">2.45</value><value xid="6" description="73 Hours, 6.39 % of peak demand">2.05</value><value xid="7" description="93 Hours, 5.30 % of peak demand">1.7</value><value xid="8" description="79 Hours, 5.31 % of peak demand">1.71</value><value xid="9" description="114 Hours, 4.51 % of peak demand">1.45</value><value xid="10" description="85 Hours, 5.16 % of peak demand">1.66</value><value xid="11" description="93 Hours, 6.43 % of peak demand">2.07</value><value xid="12" description="109 Hours, 6.03 % of peak demand">1.94</value><value xid="13" description="112 Hours, 5.78 % of peak demand">1.86</value><value xid="14" description="147 Hours, 6.59 % of peak demand">2.12</value><value xid="15" description="187 Hours, 6.66 % of peak demand">2.14</value><value xid="16" description="168 Hours, 6.70 % of peak demand">2.16</value><value xid="17" description="120 Hours, 5.89 % of peak demand">1.89</value><value xid="18" description="116 Hours, 7.58 % of peak demand">2.44</value><value xid="19" description="123 Hours, 9.53 % of peak demand">3.07</value><value xid="20" description="138 Hours, 9.18 % of peak demand">2.95</value><value xid="21" description="147 Hours, 10.56 % of peak demand">3.4</value><value xid="22" description="81 Hours, 11.46 % of peak demand">3.69</value><value xid="23" description="33 Hours, 12.49 % of peak demand">4.02</value></graph><graph gid="1" title="Occupied"><value xid="0" description="6 Hours, 8.14 % of peak demand">2.62</value><value xid="1" description="11 Hours, 8.85 % of peak demand">2.85</value><value xid="2" description="11 Hours, 7.43 % of peak demand">2.39</value><value xid="3" description="30 Hours, 7.11 % of peak demand">2.29</value><value xid="4" description="38 Hours, 6.45 % of peak demand">2.08</value><value xid="5" description="43 Hours, 5.74 % of peak demand">1.85</value><value xid="6" description="60 Hours, 5.12 % of peak demand">1.65</value><value xid="7" description="65 Hours, 4.95 % of peak demand">1.59</value><value xid="8" description="87 Hours, 4.03 % of peak demand">1.29</value><value xid="9" description="80 Hours, 4.00 % of peak demand">1.29</value><value xid="10" description="81 Hours, 3.75 % of peak demand">1.21</value><value xid="11" description="84 Hours, 3.89 % of peak demand">1.25</value><value xid="12" description="84 Hours, 4.33 % of peak demand">1.39</value><value xid="13" description="98 Hours, 4.32 % of peak demand">1.39</value><value xid="14" description="118 Hours, 4.45 % of peak demand">1.43</value><value xid="15" description="129 Hours, 5.16 % of peak demand">1.66</value><value xid="16" description="155 Hours, 6.05 % of peak demand">1.95</value><value xid="17" description="163 Hours, 6.61 % of peak demand">2.13</value><value xid="18" description="171 Hours, 7.63 % of peak demand">2.45</value><value xid="19" description="194 Hours, 9.44 % of peak demand">3.04</value><value xid="20" description="164 Hours, 10.83 % of peak demand">3.48</value><value xid="21" description="290 Hours, 12.10 % of peak demand">3.89</value><value xid="22" description="242 Hours, 12.96 % of peak demand">4.17</value><value xid="23" description="134 Hours, 13.79 % of peak demand">4.43</value><value xid="24" description="72 Hours, 14.72 % of peak demand">4.73</value></graph></graphs></chart>