<chart><series><value xid="1">May-11</value><value xid="2">Jun-11</value><value xid="3">Jul-11</value><value xid="4">Aug-11</value><value xid="5">Sep-11</value><value xid="6">Oct-11</value><value xid="7">Nov-11</value><value xid="8">Dec-11</value><value xid="9">Jan-12</value><value xid="10">Feb-12</value><value xid="11">Mar-12</value><value xid="12">Apr-12</value></series><graphs><graph gid="0" ><value xid="1" description ="-110.42 kWh,  -$6.63">-0.73</value><value xid="2" description ="-107.48 kWh,  -$6.45">-0.74</value><value xid="3" description ="-80.49 kWh,  -$4.83">-0.52</value><value xid="4" description ="-84.43 kWh,  -$5.07">-0.55</value><value xid="5" description ="-113.71 kWh,  -$6.82">-0.81</value><value xid="6" description ="-85.1 kWh,  -$5.11">-0.64</value><value xid="7" description ="-81.89 kWh,  -$4.91">-0.63</value><value xid="8" description ="-63.87 kWh,  -$3.83">-0.48</value><value xid="9" description ="-84.84 kWh,  -$5.09">-0.69</value><value xid="10" description ="-118.68 kWh,  -$7.12">-1.18</value><value xid="11" description ="-136.24 kWh,  -$8.17">-1.29</value><value xid="12" description ="-82.85 kWh,  -$4.97">-0.64</value></graph></graphs></chart>